PSBBEAM/B#value,PSBBEAM/B#value
X,Y
0.0,0.0
1.0,0.0
2.0,0.0
3.0,0.0
4.0,0.0
5.0,0.0
6.0,0.0
7.0,0.0
8.0,0.0
9.0,0.0
10.0,0.0
11.0,0.0
12.0,0.0
13.0,0.0
14.0,0.0
15.0,0.0
16.0,0.0
17.0,0.0
18.0,0.0
19.0,0.0
20.0,0.0
21.0,0.0
22.0,0.0
23.0,0.0
24.0,0.0
25.0,0.0
26.0,0.0
27.0,0.0
28.0,0.0
29.0,0.0
30.0,0.0
31.0,0.0
32.0,0.0
33.0,0.0
34.0,0.0
35.0,0.0
36.0,0.0
37.0,0.0
38.0,0.0
39.0,0.0
40.0,0.0
41.0,0.0
42.0,0.0
43.0,0.0
44.0,0.0
45.0,0.0
46.0,0.0
47.0,0.0
48.0,0.0
49.0,0.0
50.0,0.0
51.0,0.0
52.0,0.0
53.0,0.0
54.0,0.0
55.0,0.0
56.0,0.0
57.0,0.0
58.0,0.0
59.0,0.0
60.0,0.0
61.0,0.0
62.0,0.0
63.0,0.0
64.0,0.0
65.0,0.0
66.0,0.0
67.0,0.0
68.0,0.0
69.0,0.0
70.0,0.0
71.0,0.0
72.0,0.0
73.0,0.0
74.0,0.0
75.0,0.0
76.0,0.0
77.0,0.0
78.0,0.0
79.0,0.0
80.0,0.0
81.0,0.0
82.0,0.0
83.0,0.0
84.0,0.0
85.0,0.0
86.0,0.0
87.0,0.0
88.0,0.0
89.0,0.0
90.0,0.0
91.0,0.0
92.0,0.0
93.0,0.0
94.0,0.0
95.0,0.0
96.0,0.0
97.0,0.0
98.0,0.0
99.0,0.0
100.0,0.0
100.1,0.012
100.2,0.049
100.3,0.111
100.4,0.197
100.5,0.308
100.6,0.443
100.7,0.603
100.8,0.786
100.9,0.994
101.0,1.227
101.1,1.483
101.2,1.763
101.3,2.067
101.4,2.396
101.5,2.747
101.6,3.123
101.7,3.523
101.8,3.946
101.9,4.392
102.0,4.862
102.1,5.356
102.2,5.873
102.3,6.413
102.4,6.976
102.5,7.563
102.6,8.173
102.7,8.806
102.8,9.461
102.9,10.14
103.0,10.841
103.1,11.566
103.2,12.313
103.3,13.082
103.4,13.874
103.5,14.689
103.6,15.526
103.7,16.386
103.8,17.267
103.9,18.171
104.0,19.098
104.1,20.046
104.2,21.016
104.3,22.009
104.4,23.023
104.5,24.059
104.6,25.117
104.7,26.196
104.8,27.298
104.9,28.421
105.0,29.565
105.1,30.731
105.2,31.918
105.3,33.126
105.4,34.356
105.5,35.607
105.6,36.879
105.7,38.172
105.8,39.486
105.9,40.822
106.0,42.177
106.1,43.554
106.2,44.952
106.3,46.37
106.4,47.808
106.5,49.267
106.6,50.747
106.7,52.247
106.8,53.768
106.9,55.308
107.0,56.869
107.1,58.45
107.2,60.051
107.3,61.672
107.4,63.313
107.5,64.974
107.6,66.655
107.7,68.355
107.8,70.075
107.9,71.815
108.0,73.574
108.1,75.353
108.2,77.151
108.3,78.968
108.4,80.805
108.5,82.661
108.6,84.536
108.7,86.43
108.8,88.343
108.9,90.275
109.0,92.226
109.1,94.196
109.2,96.184
109.3,98.191
109.4,100.217
109.5,102.262
109.6,104.324
109.7,106.406
109.8,108.505
109.9,110.623
110.0,112.759
110.1,114.913
110.2,117.086
110.3,119.276
110.4,121.484
110.5,123.71
110.6,125.955
110.7,128.216
110.8,130.496
110.9,132.793
111.0,135.107
111.1,137.44
111.2,139.789
111.3,142.156
111.4,144.54
111.5,146.942
111.6,149.36
111.7,151.796
111.8,154.249
111.9,156.718
112.0,159.205
112.1,161.708
112.2,164.228
112.3,166.765
112.4,169.319
112.5,171.889
112.6,174.475
112.7,177.078
112.8,179.698
112.9,182.334
113.0,184.985
113.1,187.654
113.2,190.338
113.3,193.038
113.4,195.754
113.5,198.486
113.6,201.234
113.7,203.998
113.8,206.777
113.9,209.572
114.0,212.383
114.1,215.209
114.2,218.051
114.3,220.908
114.4,223.78
114.5,226.668
114.6,229.571
114.7,232.488
114.8,235.421
114.9,238.369
115.0,241.332
115.1,244.31
115.2,247.302
115.3,250.309
115.4,253.331
115.5,256.367
115.6,259.418
115.7,262.484
115.8,265.564
115.9,268.658
116.0,271.766
116.1,274.888
116.2,278.025
116.3,281.176
116.4,284.341
116.5,287.519
116.6,290.712
116.7,293.918
116.8,297.138
116.9,300.372
117.0,303.619
117.1,306.88
117.2,310.154
117.3,313.442
117.4,316.743
117.5,320.057
117.6,323.385
117.7,326.725
117.8,330.079
117.9,333.446
118.0,336.825
118.1,340.218
118.2,343.623
118.3,347.041
118.4,350.472
118.5,353.915
118.6,357.371
118.7,360.839
118.8,364.32
118.9,367.813
119.0,371.319
119.1,374.836
119.2,378.366
119.3,381.908
119.4,385.461
119.5,389.027
119.6,392.605
119.7,396.194
119.8,399.795
119.9,403.408
120.0,407.033
120.1,410.669
120.2,414.316
120.3,417.975
120.4,421.646
120.5,425.327
120.6,429.02
120.7,432.724
120.8,436.439
120.9,440.165
121.0,443.902
121.1,447.65
121.2,451.409
121.3,455.179
121.4,458.959
121.5,462.75
121.6,466.551
121.7,470.363
121.8,474.185
121.9,478.018
122.0,481.861
122.1,485.714
122.2,489.578
122.3,493.451
122.4,497.335
122.5,501.228
122.6,505.131
122.7,509.045
122.8,512.968
122.9,516.9
123.0,520.843
123.1,524.794
123.2,528.756
123.3,532.727
123.4,536.707
123.5,540.696
123.6,544.695
123.7,548.703
123.8,552.72
123.9,556.746
124.0,560.781
124.1,564.825
124.2,568.878
124.3,572.94
124.4,577.01
124.5,581.089
124.6,585.176
124.7,589.273
124.8,593.377
124.9,597.49
125.0,601.611
125.1,605.741
125.2,609.878
125.3,614.024
125.4,618.178
125.5,622.34
125.6,626.509
125.7,630.687
125.8,634.872
125.9,639.065
126.0,643.266
126.1,647.474
126.2,651.69
126.3,655.913
126.4,660.144
126.5,664.382
126.6,668.627
126.7,672.88
126.8,677.14
126.9,681.406
127.0,685.68
127.1,689.961
127.2,694.248
127.3,698.542
127.4,702.843
127.5,707.151
127.6,711.465
127.7,715.786
127.8,720.113
127.9,724.447
128.0,728.787
128.1,733.133
128.2,737.486
128.3,741.844
128.4,746.209
128.5,750.58
128.6,754.956
128.7,759.339
128.8,763.727
128.9,768.121
129.0,772.521
129.1,776.926
129.2,781.337
129.3,785.754
129.4,790.175
129.5,794.602
129.6,799.035
129.7,803.472
129.8,807.915
129.9,812.363
130.0,816.816
130.1,821.274
130.2,825.737
130.3,830.204
130.4,834.676
130.5,839.153
130.6,843.635
130.7,848.121
130.8,852.612
130.9,857.107
131.0,861.606
131.1,866.11
131.2,870.618
131.3,875.13
131.4,879.646
131.5,884.166
131.6,888.69
131.7,893.218
131.8,897.75
131.9,902.286
132.0,906.825
132.1,911.368
132.2,915.915
132.3,920.465
132.4,925.018
132.5,929.575
132.6,934.135
132.7,938.699
132.8,943.265
132.9,947.835
133.0,952.407
133.1,956.983
133.2,961.562
133.3,966.143
133.4,970.727
133.5,975.314
133.6,979.904
133.7,984.496
133.8,989.09
133.9,993.687
134.0,998.287
134.1,1002.888
134.2,1007.492
134.3,1012.098
134.4,1016.707
134.5,1021.317
134.6,1025.929
134.7,1030.543
134.8,1035.16
134.9,1039.777
135.0,1044.397
135.1,1049.018
135.2,1053.641
135.3,1058.265
135.4,1062.891
135.5,1067.518
135.6,1072.146
135.7,1076.776
135.8,1081.407
135.9,1086.039
136.0,1090.672
136.1,1095.306
136.2,1099.941
136.3,1104.577
136.4,1109.214
136.5,1113.851
136.6,1118.489
136.7,1123.128
136.8,1127.767
136.9,1132.406
137.0,1137.046
137.1,1141.687
137.2,1146.327
137.3,1150.968
137.4,1155.609
137.5,1160.25
137.6,1164.891
137.7,1169.532
137.8,1174.173
137.9,1178.813
138.0,1183.454
138.1,1188.094
138.2,1192.733
138.3,1197.372
138.4,1202.011
138.5,1206.649
138.6,1211.286
138.7,1215.923
138.8,1220.559
138.9,1225.194
139.0,1229.828
139.1,1234.461
139.2,1239.093
139.3,1243.724
139.4,1248.354
139.5,1252.982
139.6,1257.609
139.7,1262.235
139.8,1266.859
139.9,1271.482
140.0,1276.103
140.1,1280.723
140.2,1285.34
140.3,1289.957
140.4,1294.571
140.5,1299.183
140.6,1303.793
140.7,1308.402
140.8,1313.008
140.9,1317.612
141.0,1322.213
141.1,1326.813
141.2,1331.41
141.3,1336.004
141.4,1340.596
141.5,1345.186
141.6,1349.773
141.7,1354.357
141.8,1358.938
141.9,1363.517
142.0,1368.093
142.1,1372.665
142.2,1377.235
142.3,1381.801
142.4,1386.365
142.5,1390.925
142.6,1395.482
142.7,1400.035
142.8,1404.585
142.9,1409.132
143.0,1413.675
143.1,1418.214
143.2,1422.75
143.3,1427.282
143.4,1431.81
143.5,1436.334
143.6,1440.854
143.7,1445.37
143.8,1449.882
143.9,1454.39
144.0,1458.894
144.1,1463.393
144.2,1467.888
144.3,1472.379
144.4,1476.865
144.5,1481.347
144.6,1485.824
144.7,1490.296
144.8,1494.763
144.9,1499.226
145.0,1503.684
145.1,1508.137
145.2,1512.585
145.3,1517.028
145.4,1521.465
145.5,1525.898
145.6,1530.325
145.7,1534.746
145.8,1539.163
145.9,1543.574
146.0,1547.979
146.1,1552.379
146.2,1556.773
146.3,1561.161
146.4,1565.544
146.5,1569.92
146.6,1574.291
146.7,1578.656
146.8,1583.014
146.9,1587.367
147.0,1591.713
147.1,1596.053
147.2,1600.387
147.3,1604.714
147.4,1609.035
147.5,1613.349
147.6,1617.657
147.7,1621.958
147.8,1626.252
147.9,1630.539
148.0,1634.82
148.1,1639.094
148.2,1643.36
148.3,1647.62
148.4,1651.873
148.5,1656.118
148.6,1660.356
148.7,1664.587
148.8,1668.81
148.9,1673.026
149.0,1677.234
149.1,1681.435
149.2,1685.628
149.3,1689.813
149.4,1693.991
149.5,1698.16
149.6,1702.322
149.7,1706.476
149.8,1710.622
149.9,1714.759
150.0,1718.889
150.1,1723.01
150.2,1727.123
150.3,1731.227
150.4,1735.324
150.5,1739.411
150.6,1743.49
150.7,1747.56
150.8,1751.622
150.9,1755.675
151.0,1759.719
151.1,1763.754
151.2,1767.78
151.3,1771.797
151.4,1775.805
151.5,1779.804
151.6,1783.793
151.7,1787.773
151.8,1791.744
151.9,1795.706
152.0,1799.657
152.1,1803.6
152.2,1807.532
152.3,1811.455
152.4,1815.369
152.5,1819.272
152.6,1823.165
152.7,1827.049
152.8,1830.922
152.9,1834.786
153.0,1838.639
153.1,1842.482
153.2,1846.315
153.3,1850.137
153.4,1853.949
153.5,1857.75
153.6,1861.541
153.7,1865.321
153.8,1869.091
153.9,1872.85
154.0,1876.598
154.1,1880.335
154.2,1884.061
154.3,1887.776
154.4,1891.48
154.5,1895.173
154.6,1898.854
154.7,1902.525
154.8,1906.184
154.9,1909.831
155.0,1913.467
155.1,1917.092
155.2,1920.705
155.3,1924.306
155.4,1927.895
155.5,1931.473
155.6,1935.039
155.7,1938.592
155.8,1942.134
155.9,1945.664
156.0,1949.181
156.1,1952.687
156.2,1956.18
156.3,1959.661
156.4,1963.129
156.5,1966.585
156.6,1970.028
156.7,1973.459
156.8,1976.877
156.9,1980.282
157.0,1983.675
157.1,1987.054
157.2,1990.421
157.3,1993.775
157.4,1997.115
157.5,2000.443
157.6,2003.757
157.7,2007.058
157.8,2010.346
157.9,2013.62
158.0,2016.881
158.1,2020.128
158.2,2023.362
158.3,2026.582
158.4,2029.788
158.5,2032.981
158.6,2036.159
158.7,2039.324
158.8,2042.475
158.9,2045.612
159.0,2048.734
159.1,2051.842
159.2,2054.936
159.3,2058.016
159.4,2061.082
159.5,2064.133
159.6,2067.169
159.7,2070.191
159.8,2073.198
159.9,2076.19
160.0,2079.168
160.1,2082.131
160.2,2085.079
160.3,2088.012
160.4,2090.929
160.5,2093.832
160.6,2096.72
160.7,2099.592
160.8,2102.449
160.9,2105.291
161.0,2108.117
161.1,2110.928
161.2,2113.723
161.3,2116.502
161.4,2119.266
161.5,2122.014
161.6,2124.746
161.7,2127.462
161.8,2130.162
161.9,2132.846
162.0,2135.515
162.1,2138.166
162.2,2140.802
162.3,2143.422
162.4,2146.025
162.5,2148.611
162.6,2151.181
162.7,2153.735
162.8,2156.272
162.9,2158.792
163.0,2161.295
163.1,2163.782
163.2,2166.251
163.3,2168.704
163.4,2171.14
163.5,2173.558
163.6,2175.96
163.7,2178.344
163.8,2180.711
163.9,2183.06
164.0,2185.393
164.1,2187.707
164.2,2190.004
164.3,2192.284
164.4,2194.545
164.5,2196.79
164.6,2199.016
164.7,2201.224
164.8,2203.414
164.9,2205.587
165.0,2207.741
165.1,2209.877
165.2,2211.995
165.3,2214.094
165.4,2216.176
165.5,2218.238
165.6,2220.283
165.7,2222.309
165.8,2224.316
165.9,2226.304
166.0,2228.274
166.1,2230.225
166.2,2232.157
166.3,2234.07
166.4,2235.964
166.5,2237.839
166.6,2239.695
166.7,2241.532
166.8,2243.349
166.9,2245.147
167.0,2246.926
167.1,2248.685
167.2,2250.425
167.3,2252.145
167.4,2253.845
167.5,2255.526
167.6,2257.187
167.7,2258.828
167.8,2260.449
167.9,2262.05
168.0,2263.631
168.1,2265.192
168.2,2266.732
168.3,2268.253
168.4,2269.753
168.5,2271.233
168.6,2272.692
168.7,2274.13
168.8,2275.548
168.9,2276.946
169.0,2278.323
169.1,2279.678
169.2,2281.014
169.3,2282.328
169.4,2283.621
169.5,2284.893
169.6,2286.144
169.7,2287.374
169.8,2288.582
169.9,2289.769
170.0,2290.935
170.1,2292.079
170.2,2293.202
170.3,2294.304
170.4,2295.383
170.5,2296.441
170.6,2297.477
170.7,2298.491
170.8,2299.484
170.9,2300.454
171.0,2301.402
171.1,2302.329
171.2,2303.233
171.3,2304.114
171.4,2304.974
171.5,2305.811
171.6,2306.626
171.7,2307.418
171.8,2308.187
171.9,2308.934
172.0,2309.659
172.1,2310.36
172.2,2311.039
172.3,2311.694
172.4,2312.327
172.5,2312.937
172.6,2313.524
172.7,2314.087
172.8,2314.627
172.9,2315.144
173.0,2315.638
173.1,2316.108
173.2,2316.554
173.3,2316.977
173.4,2317.377
173.5,2317.753
173.6,2318.104
173.7,2318.433
173.8,2318.737
173.9,2319.017
174.0,2319.273
174.1,2319.506
174.2,2319.714
174.3,2319.897
174.4,2320.057
174.5,2320.192
174.6,2320.303
174.7,2320.389
174.8,2320.451
174.9,2320.488
175.0,2320.5
176.0,2320.5
177.0,2320.5
178.0,2320.5
179.0,2320.5
180.0,2320.5
181.0,2320.5
182.0,2320.5
183.0,2320.5
184.0,2320.5
185.0,2320.5
186.0,2320.5
187.0,2320.5
188.0,2320.5
189.0,2320.5
190.0,2320.5
191.0,2320.5
192.0,2320.5
193.0,2320.5
194.0,2320.5
195.0,2320.5
196.0,2320.5
197.0,2320.5
198.0,2320.5
199.0,2320.5
200.0,2320.5
201.0,2320.5
202.0,2320.5
203.0,2320.5
204.0,2320.5
205.0,2320.5
206.0,2320.5
207.0,2320.5
208.0,2320.5
209.0,2320.5
210.0,2320.5
211.0,2320.5
212.0,2320.5
213.0,2320.5
214.0,2320.5
215.0,2320.5
216.0,2320.5
217.0,2320.5
218.0,2320.5
219.0,2320.5
220.0,2320.5
221.0,2320.5
222.0,2320.5
223.0,2320.5
224.0,2320.5
225.0,2320.5
226.0,2320.5
227.0,2320.5
228.0,2320.5
229.0,2320.5
230.0,2320.5
231.0,2320.5
232.0,2320.5
233.0,2320.5
234.0,2320.5
235.0,2320.5
236.0,2320.5
237.0,2320.5
238.0,2320.5
239.0,2320.5
240.0,2320.5
241.0,2320.5
242.0,2320.5
243.0,2320.5
244.0,2320.5
245.0,2320.5
246.0,2320.5
247.0,2320.5
248.0,2320.5
249.0,2320.5
250.0,2320.5
251.0,2320.5
252.0,2320.5
253.0,2320.5
254.0,2320.5
255.0,2320.5
256.0,2320.5
257.0,2320.5
258.0,2320.5
259.0,2320.5
260.0,2320.5
261.0,2320.5
262.0,2320.5
263.0,2320.5
264.0,2320.5
265.0,2320.5
266.0,2320.5
267.0,2320.5
268.0,2320.5
269.0,2320.5
270.0,2320.5
271.0,2320.5
272.0,2320.5
273.0,2320.5
274.0,2320.5
275.0,2320.5
275.6,2320.5
275.7,2320.504
275.8,2320.515
275.9,2320.535
276.0,2320.562
276.1,2320.597
276.2,2320.64
276.3,2320.691
276.4,2320.75
276.5,2320.817
276.6,2320.893
276.7,2320.976
276.8,2321.068
276.9,2321.168
277.0,2321.277
277.1,2321.394
277.2,2321.52
277.3,2321.654
277.4,2321.797
277.5,2321.949
277.6,2322.109
277.7,2322.279
277.8,2322.457
277.9,2322.644
278.0,2322.84
278.1,2323.045
278.2,2323.259
278.3,2323.483
278.4,2323.716
278.5,2323.958
278.6,2324.209
278.7,2324.47
278.8,2324.74
278.9,2325.02
279.0,2325.309
279.1,2325.608
279.2,2325.917
279.3,2326.235
279.4,2326.564
279.5,2326.902
279.6,2327.25
279.7,2327.608
279.8,2327.976
279.9,2328.355
280.0,2328.743
280.1,2329.142
280.2,2329.551
280.3,2329.97
280.4,2330.4
280.5,2330.84
280.6,2331.291
280.7,2331.752
280.8,2332.224
280.9,2332.707
281.0,2333.201
281.1,2333.705
281.2,2334.22
281.3,2334.746
281.4,2335.283
281.5,2335.831
281.6,2336.391
281.7,2336.961
281.8,2337.543
281.9,2338.136
282.0,2338.74
282.1,2339.356
282.2,2339.983
282.3,2340.622
282.4,2341.272
282.5,2341.934
282.6,2342.607
282.7,2343.293
282.8,2343.99
282.9,2344.699
283.0,2345.42
283.1,2346.153
283.2,2346.898
283.3,2347.655
283.4,2348.425
283.5,2349.206
283.6,2350.0
283.7,2350.8
283.8,2351.6
283.9,2352.4
284.0,2353.201
284.1,2354.001
284.2,2354.802
284.3,2355.603
284.4,2356.403
284.5,2357.204
284.6,2358.005
284.7,2358.807
284.8,2359.608
284.9,2360.409
285.0,2361.211
285.1,2362.012
285.2,2362.814
285.3,2363.616
285.4,2364.418
285.5,2365.22
285.6,2366.022
285.7,2366.824
285.8,2367.626
285.9,2368.429
286.0,2369.232
286.1,2370.034
286.2,2370.837
286.3,2371.64
286.4,2372.443
286.5,2373.246
286.6,2374.05
286.7,2374.853
286.8,2375.656
286.9,2376.46
287.0,2377.264
287.1,2378.068
287.2,2378.872
287.3,2379.676
287.4,2380.48
287.5,2381.284
287.6,2382.089
287.7,2382.893
287.8,2383.698
287.9,2384.503
288.0,2385.308
288.1,2386.113
288.2,2386.918
288.3,2387.724
288.4,2388.529
288.5,2389.335
288.6,2390.14
288.7,2390.946
288.8,2391.752
288.9,2392.558
289.0,2393.364
289.1,2394.17
289.2,2394.977
289.3,2395.783
289.4,2396.59
289.5,2397.397
289.6,2398.204
289.7,2399.011
289.8,2399.818
289.9,2400.625
290.0,2401.433
290.1,2402.24
290.2,2403.048
290.3,2403.856
290.4,2404.664
290.5,2405.472
290.6,2406.28
290.7,2407.088
290.8,2407.897
290.9,2408.705
291.0,2409.514
291.1,2410.323
291.2,2411.132
291.3,2411.941
291.4,2412.75
291.5,2413.559
291.6,2414.369
291.7,2415.178
291.8,2415.988
291.9,2416.798
292.0,2417.608
292.1,2418.418
292.2,2419.228
292.3,2420.039
292.4,2420.849
292.5,2421.66
292.6,2422.471
292.7,2423.282
292.8,2424.093
292.9,2424.904
293.0,2425.715
293.1,2426.527
293.2,2427.338
293.3,2428.15
293.4,2428.962
293.5,2429.774
293.6,2430.586
293.7,2431.399
293.8,2432.211
293.9,2433.024
294.0,2433.836
294.1,2434.649
294.2,2435.462
294.3,2436.275
294.4,2437.089
294.5,2437.902
294.6,2438.716
294.7,2439.529
294.8,2440.343
294.9,2441.157
295.0,2441.971
295.1,2442.785
295.2,2443.6
295.3,2444.414
295.4,2445.229
295.5,2446.044
295.6,2446.859
295.7,2447.674
295.8,2448.489
295.9,2449.305
296.0,2450.12
296.1,2450.936
296.2,2451.752
296.3,2452.568
296.4,2453.384
296.5,2454.2
296.6,2455.017
296.7,2455.833
296.8,2456.65
296.9,2457.467
297.0,2458.284
297.1,2459.101
297.2,2459.918
297.3,2460.736
297.4,2461.554
297.5,2462.371
297.6,2463.189
297.7,2464.007
297.8,2464.825
297.9,2465.644
298.0,2466.462
298.1,2467.281
298.2,2468.1
298.3,2468.919
298.4,2469.738
298.5,2470.557
298.6,2471.377
298.7,2472.196
298.8,2473.016
298.9,2473.836
299.0,2474.656
299.1,2475.476
299.2,2476.296
299.3,2477.117
299.4,2477.938
299.5,2478.758
299.6,2479.579
299.7,2480.401
299.8,2481.222
299.9,2482.043
300.0,2482.865
300.1,2483.687
300.2,2484.509
300.3,2485.331
300.4,2486.153
300.5,2486.975
300.6,2487.798
300.7,2488.62
300.8,2489.443
300.9,2490.266
301.0,2491.09
301.1,2491.913
301.2,2492.736
301.3,2493.56
301.4,2494.384
301.5,2495.208
301.6,2496.032
301.7,2496.856
301.8,2497.681
301.9,2498.506
302.0,2499.33
302.1,2500.155
302.2,2500.98
302.3,2501.806
302.4,2502.631
302.5,2503.457
302.6,2504.283
302.7,2505.109
302.8,2505.935
302.9,2506.761
303.0,2507.587
303.1,2508.414
303.2,2509.241
303.3,2510.068
303.4,2510.895
303.5,2511.722
303.6,2512.55
303.7,2513.377
303.8,2514.205
303.9,2515.033
304.0,2515.861
304.1,2516.689
304.2,2517.518
304.3,2518.347
304.4,2519.175
304.5,2520.004
304.6,2520.834
304.7,2521.663
304.8,2522.492
304.9,2523.322
305.0,2524.152
305.1,2524.982
305.2,2525.812
305.3,2526.642
305.4,2527.473
305.5,2528.304
305.6,2529.135
305.7,2529.966
305.8,2530.797
305.9,2531.628
306.0,2532.46
306.1,2533.292
306.2,2534.124
306.3,2534.956
306.4,2535.788
306.5,2536.62
306.6,2537.453
306.7,2538.286
306.8,2539.119
306.9,2539.952
307.0,2540.785
307.1,2541.619
307.2,2542.453
307.3,2543.287
307.4,2544.121
307.5,2544.955
307.6,2545.789
307.7,2546.624
307.8,2547.459
307.9,2548.294
308.0,2549.129
308.1,2549.964
308.2,2550.8
308.3,2551.635
308.4,2552.471
308.5,2553.307
308.6,2554.144
308.7,2554.98
308.8,2555.817
308.9,2556.653
309.0,2557.49
309.1,2558.328
309.2,2559.165
309.3,2560.003
309.4,2560.84
309.5,2561.678
309.6,2562.516
309.7,2563.355
309.8,2564.193
309.9,2565.032
310.0,2565.871
310.1,2566.71
310.2,2567.549
310.3,2568.388
310.4,2569.228
310.5,2570.068
310.6,2570.908
310.7,2571.748
310.8,2572.588
310.9,2573.429
311.0,2574.27
311.1,2575.11
311.2,2575.952
311.3,2576.793
311.4,2577.634
311.5,2578.476
311.6,2579.318
311.7,2580.16
311.8,2581.002
311.9,2581.845
312.0,2582.688
312.1,2583.53
312.2,2584.373
312.3,2585.217
312.4,2586.06
312.5,2586.904
312.6,2587.748
312.7,2588.592
312.8,2589.436
312.9,2590.28
313.0,2591.125
313.1,2591.97
313.2,2592.815
313.3,2593.66
313.4,2594.505
313.5,2595.351
313.6,2596.197
313.7,2597.043
313.8,2597.889
313.9,2598.736
314.0,2599.582
314.1,2600.429
314.2,2601.276
314.3,2602.123
314.4,2602.971
314.5,2603.818
314.6,2604.666
314.7,2605.514
314.8,2606.362
314.9,2607.211
315.0,2608.059
315.1,2608.908
315.2,2609.757
315.3,2610.606
315.4,2611.456
315.5,2612.306
315.6,2613.155
315.7,2614.006
315.8,2614.856
315.9,2615.706
316.0,2616.557
316.1,2617.408
316.2,2618.259
316.3,2619.11
316.4,2619.962
316.5,2620.813
316.6,2621.665
316.7,2622.517
316.8,2623.37
316.9,2624.222
317.0,2625.075
317.1,2625.928
317.2,2626.781
317.3,2627.635
317.4,2628.488
317.5,2629.342
317.6,2630.196
317.7,2631.05
317.8,2631.905
317.9,2632.759
318.0,2633.614
318.1,2634.469
318.2,2635.325
318.3,2636.18
318.4,2637.036
318.5,2637.892
318.6,2638.748
318.7,2639.604
318.8,2640.461
318.9,2641.318
319.0,2642.175
319.1,2643.032
319.2,2643.889
319.3,2644.747
319.4,2645.605
319.5,2646.463
319.6,2647.321
319.7,2648.18
319.8,2649.038
319.9,2649.897
320.0,2650.757
320.1,2651.616
320.2,2652.476
320.3,2653.335
320.4,2654.195
320.5,2655.056
320.6,2655.916
320.7,2656.777
320.8,2657.638
320.9,2658.499
321.0,2659.36
321.1,2660.222
321.2,2661.084
321.3,2661.946
321.4,2662.808
321.5,2663.671
321.6,2664.533
321.7,2665.396
321.8,2666.259
321.9,2667.123
322.0,2667.986
322.1,2668.85
322.2,2669.714
322.3,2670.579
322.4,2671.443
322.5,2672.308
322.6,2673.173
322.7,2674.038
322.8,2674.903
322.9,2675.769
323.0,2676.635
323.1,2677.501
323.2,2678.367
323.3,2679.234
323.4,2680.101
323.5,2680.968
323.6,2681.835
323.7,2682.702
323.8,2683.57
323.9,2684.438
324.0,2685.306
324.1,2686.175
324.2,2687.043
324.3,2687.912
324.4,2688.781
324.5,2689.65
324.6,2690.52
324.7,2691.39
324.8,2692.26
324.9,2693.13
325.0,2694.001
325.1,2694.871
325.2,2695.742
325.3,2696.613
325.4,2697.485
325.5,2698.357
325.6,2699.228
325.7,2700.101
325.8,2700.973
325.9,2701.846
326.0,2702.718
326.1,2703.591
326.2,2704.465
326.3,2705.338
326.4,2706.212
326.5,2707.086
326.6,2707.96
326.7,2708.835
326.8,2709.71
326.9,2710.585
327.0,2711.46
327.1,2712.335
327.2,2713.211
327.3,2714.087
327.4,2714.963
327.5,2715.84
327.6,2716.716
327.7,2717.593
327.8,2718.47
327.9,2719.348
328.0,2720.225
328.1,2721.103
328.2,2721.981
328.3,2722.86
328.4,2723.738
328.5,2724.617
328.6,2725.496
328.7,2726.376
328.8,2727.255
328.9,2728.135
329.0,2729.015
329.1,2729.896
329.2,2730.776
329.3,2731.657
329.4,2732.538
329.5,2733.419
329.6,2734.301
329.7,2735.183
329.8,2736.065
329.9,2736.947
330.0,2737.83
330.1,2738.712
330.2,2739.596
330.3,2740.479
330.4,2741.362
330.5,2742.246
330.6,2743.13
330.7,2744.015
330.8,2744.899
330.9,2745.784
331.0,2746.669
331.1,2747.554
331.2,2748.44
331.3,2749.326
331.4,2750.212
331.5,2751.098
331.6,2751.985
331.7,2752.872
331.8,2753.759
331.9,2754.646
332.0,2755.534
332.1,2756.422
332.2,2757.31
332.3,2758.198
332.4,2759.087
332.5,2759.976
332.6,2760.865
332.7,2761.754
332.8,2762.644
332.9,2763.534
333.0,2764.424
333.1,2765.314
333.2,2766.205
333.3,2767.096
333.4,2767.987
333.5,2768.879
333.6,2769.77
333.7,2770.662
333.8,2771.555
333.9,2772.447
334.0,2773.34
334.1,2774.233
334.2,2775.126
334.3,2776.02
334.4,2776.914
334.5,2777.808
334.6,2778.702
334.7,2779.597
334.8,2780.492
334.9,2781.387
335.0,2782.282
335.1,2783.178
335.2,2784.074
335.3,2784.97
335.4,2785.867
335.5,2786.763
335.6,2787.66
335.7,2788.558
335.8,2789.455
335.9,2790.353
336.0,2791.251
336.1,2792.149
336.2,2793.048
336.3,2793.947
336.4,2794.846
336.5,2795.745
336.6,2796.645
336.7,2797.545
336.8,2798.445
336.9,2799.346
337.0,2800.246
337.1,2801.147
337.2,2802.049
337.3,2802.95
337.4,2803.852
337.5,2804.754
337.6,2805.657
337.7,2806.559
337.8,2807.462
337.9,2808.366
338.0,2809.269
338.1,2810.173
338.2,2811.077
338.3,2811.981
338.4,2812.886
338.5,2813.791
338.6,2814.696
338.7,2815.601
338.8,2816.507
338.9,2817.413
339.0,2818.319
339.1,2819.225
339.2,2820.132
339.3,2821.039
339.4,2821.947
339.5,2822.854
339.6,2823.762
339.7,2824.67
339.8,2825.579
339.9,2826.488
340.0,2827.397
340.1,2828.306
340.2,2829.216
340.3,2830.125
340.4,2831.036
340.5,2831.946
340.6,2832.857
340.7,2833.768
340.8,2834.679
340.9,2835.59
341.0,2836.502
341.1,2837.414
341.2,2838.327
341.3,2839.24
341.4,2840.153
341.5,2841.066
341.6,2841.979
341.7,2842.893
341.8,2843.807
341.9,2844.722
342.0,2845.636
342.1,2846.551
342.2,2847.467
342.3,2848.382
342.4,2849.298
342.5,2850.214
342.6,2851.13
342.7,2852.047
342.8,2852.964
342.9,2853.881
343.0,2854.799
343.1,2855.717
343.2,2856.635
343.3,2857.553
343.4,2858.472
343.5,2859.391
343.6,2860.31
343.7,2861.23
343.8,2862.15
343.9,2863.07
344.0,2863.99
344.1,2864.911
344.2,2865.832
344.3,2866.754
344.4,2867.675
344.5,2868.597
344.6,2869.519
344.7,2870.442
344.8,2871.365
344.9,2872.288
345.0,2873.211
345.1,2874.135
345.2,2875.059
345.3,2875.983
345.4,2876.908
345.5,2877.833
345.6,2878.758
345.7,2879.683
345.8,2880.609
345.9,2881.535
346.0,2882.462
346.1,2883.388
346.2,2884.315
346.3,2885.242
346.4,2886.17
346.5,2887.098
346.6,2888.026
346.7,2888.955
346.8,2889.883
346.9,2890.812
347.0,2891.742
347.1,2892.671
347.2,2893.601
347.3,2894.532
347.4,2895.462
347.5,2896.393
347.6,2897.324
347.7,2898.256
347.8,2899.188
347.9,2900.12
348.0,2901.052
348.1,2901.985
348.2,2902.918
348.3,2903.851
348.4,2904.785
348.5,2905.719
348.6,2906.653
348.7,2907.587
348.8,2908.522
348.9,2909.457
349.0,2910.393
349.1,2911.329
349.2,2912.265
349.3,2913.201
349.4,2914.138
349.5,2915.075
349.6,2916.012
349.7,2916.95
349.8,2917.888
349.9,2918.826
350.0,2919.764
350.1,2920.703
350.2,2921.642
350.3,2922.582
350.4,2923.522
350.5,2924.462
350.6,2925.402
350.7,2926.343
350.8,2927.284
350.9,2928.225
351.0,2929.167
351.1,2930.109
351.2,2931.051
351.3,2931.994
351.4,2932.937
351.5,2933.88
351.6,2934.824
351.7,2935.767
351.8,2936.712
351.9,2937.656
352.0,2938.601
352.1,2939.546
352.2,2940.492
352.3,2941.437
352.4,2942.383
352.5,2943.33
352.6,2944.277
352.7,2945.224
352.8,2946.171
352.9,2947.119
353.0,2948.067
353.1,2949.015
353.2,2949.964
353.3,2950.913
353.4,2951.862
353.5,2952.811
353.6,2953.761
353.7,2954.712
353.8,2955.662
353.9,2956.613
354.0,2957.564
354.1,2958.516
354.2,2959.468
354.3,2960.42
354.4,2961.372
354.5,2962.325
354.6,2963.278
354.7,2964.232
354.8,2965.186
354.9,2966.14
355.0,2967.094
355.1,2968.049
355.2,2969.004
355.3,2969.96
355.4,2970.915
355.5,2971.872
355.6,2972.828
355.7,2973.785
355.8,2974.742
355.9,2975.699
356.0,2976.657
356.1,2977.615
356.2,2978.573
356.3,2979.532
356.4,2980.491
356.5,2981.451
356.6,2982.41
356.7,2983.37
356.8,2984.331
356.9,2985.291
357.0,2986.252
357.1,2987.214
357.2,2988.176
357.3,2989.138
357.4,2990.1
357.5,2991.063
357.6,2992.026
357.7,2992.989
357.8,2993.953
357.9,2994.917
358.0,2995.881
358.1,2996.846
358.2,2997.811
358.3,2998.776
358.4,2999.742
358.5,3000.708
358.6,3001.675
358.7,3002.641
358.8,3003.608
358.9,3004.576
359.0,3005.543
359.1,3006.512
359.2,3007.48
359.3,3008.449
359.4,3009.418
359.5,3010.387
359.6,3011.357
359.7,3012.327
359.8,3013.298
359.9,3014.268
360.0,3015.24
360.1,3016.211
360.2,3017.183
360.3,3018.155
360.4,3019.128
360.5,3020.1
360.6,3021.074
360.7,3022.047
360.8,3023.021
360.9,3023.995
361.0,3024.97
361.1,3025.945
361.2,3026.92
361.3,3027.896
361.4,3028.872
361.5,3029.848
361.6,3030.824
361.7,3031.801
361.8,3032.779
361.9,3033.756
362.0,3034.735
362.1,3035.713
362.2,3036.692
362.3,3037.671
362.4,3038.65
362.5,3039.63
362.6,3040.61
362.7,3041.59
362.8,3042.571
362.9,3043.552
363.0,3044.534
363.1,3045.516
363.2,3046.498
363.3,3047.481
363.4,3048.464
363.5,3049.447
363.6,3050.43
363.7,3051.414
363.8,3052.399
363.9,3053.383
364.0,3054.368
364.1,3055.354
364.2,3056.34
364.3,3057.326
364.4,3058.312
364.5,3059.299
364.6,3060.286
364.7,3061.274
364.8,3062.262
364.9,3063.25
365.0,3064.238
365.1,3065.227
365.2,3066.217
365.3,3067.206
365.4,3068.196
365.5,3069.187
365.6,3070.177
365.7,3071.169
365.8,3072.16
365.9,3073.152
366.0,3074.144
366.1,3075.136
366.2,3076.129
366.3,3077.123
366.4,3078.116
366.5,3079.11
366.6,3080.105
366.7,3081.099
366.8,3082.094
366.9,3083.09
367.0,3084.086
367.1,3085.082
367.2,3086.078
367.3,3087.075
367.4,3088.072
367.5,3089.07
367.6,3090.068
367.7,3091.066
367.8,3092.065
367.9,3093.064
368.0,3094.063
368.1,3095.063
368.2,3096.063
368.3,3097.064
368.4,3098.065
368.5,3099.066
368.6,3100.068
368.7,3101.07
368.8,3102.072
368.9,3103.075
369.0,3104.078
369.1,3105.081
369.2,3106.085
369.3,3107.089
369.4,3108.094
369.5,3109.099
369.6,3110.104
369.7,3111.11
369.8,3112.116
369.9,3113.122
370.0,3114.129
370.1,3115.136
370.2,3116.144
370.3,3117.152
370.4,3118.16
370.5,3119.169
370.6,3120.178
370.7,3121.187
370.8,3122.197
370.9,3123.207
371.0,3124.218
371.1,3125.229
371.2,3126.24
371.3,3127.252
371.4,3128.264
371.5,3129.276
371.6,3130.289
371.7,3131.302
371.8,3132.316
371.9,3133.329
372.0,3134.344
372.1,3135.358
372.2,3136.374
372.3,3137.389
372.4,3138.405
372.5,3139.421
372.6,3140.438
372.7,3141.455
372.8,3142.472
372.9,3143.49
373.0,3144.508
373.1,3145.526
373.2,3146.545
373.3,3147.564
373.4,3148.584
373.5,3149.604
373.6,3150.624
373.7,3151.645
373.8,3152.666
373.9,3153.688
374.0,3154.71
374.1,3155.732
374.2,3156.755
374.3,3157.778
374.4,3158.801
374.5,3159.825
374.6,3160.849
374.7,3161.874
374.8,3162.899
374.9,3163.924
375.0,3164.95
375.1,3165.976
375.2,3167.003
375.3,3168.03
375.4,3169.057
375.5,3170.085
375.6,3171.113
375.7,3172.142
375.8,3173.17
375.9,3174.2
376.0,3175.229
376.1,3176.259
376.2,3177.29
376.3,3178.321
376.4,3179.352
376.5,3180.384
376.6,3181.416
376.7,3182.448
376.8,3183.481
376.9,3184.514
377.0,3185.548
377.1,3186.582
377.2,3187.616
377.3,3188.651
377.4,3189.686
377.5,3190.722
377.6,3191.758
377.7,3192.794
377.8,3193.831
377.9,3194.868
378.0,3195.905
378.1,3196.943
378.2,3197.982
378.3,3199.02
378.4,3200.059
378.5,3201.099
378.6,3202.139
378.7,3203.179
378.8,3204.22
378.9,3205.261
379.0,3206.303
379.1,3207.345
379.2,3208.387
379.3,3209.43
379.4,3210.473
379.5,3211.516
379.6,3212.56
379.7,3213.604
379.8,3214.649
379.9,3215.694
380.0,3216.74
380.1,3217.786
380.2,3218.832
380.3,3219.879
380.4,3220.926
380.5,3221.974
380.6,3223.022
380.7,3224.07
380.8,3225.119
380.9,3226.168
381.0,3227.217
381.1,3228.267
381.2,3229.318
381.3,3230.369
381.4,3231.42
381.5,3232.471
381.6,3233.523
381.7,3234.576
381.8,3235.629
381.9,3236.682
382.0,3237.736
382.1,3238.79
382.2,3239.844
382.3,3240.899
382.4,3241.954
382.5,3243.01
382.6,3244.066
382.7,3245.123
382.8,3246.179
382.9,3247.237
383.0,3248.295
383.1,3249.353
383.2,3250.411
383.3,3251.47
383.4,3252.53
383.5,3253.59
383.6,3254.65
383.7,3255.71
383.8,3256.771
383.9,3257.833
384.0,3258.895
384.1,3259.957
384.2,3261.02
384.3,3262.083
384.4,3263.147
384.5,3264.21
384.6,3265.275
384.7,3266.34
384.8,3267.405
384.9,3268.471
385.0,3269.537
385.1,3270.603
385.2,3271.67
385.3,3272.737
385.4,3273.805
385.5,3274.873
385.6,3275.942
385.7,3277.011
385.8,3278.08
385.9,3279.15
386.0,3280.22
386.1,3281.291
386.2,3282.362
386.3,3283.433
386.4,3284.505
386.5,3285.578
386.6,3286.65
386.7,3287.724
386.8,3288.797
386.9,3289.871
387.0,3290.946
387.1,3292.021
387.2,3293.096
387.3,3294.172
387.4,3295.248
387.5,3296.325
387.6,3297.402
387.7,3298.479
387.8,3299.557
387.9,3300.635
388.0,3301.714
388.1,3302.793
388.2,3303.873
388.3,3304.953
388.4,3306.033
388.5,3307.114
388.6,3308.195
388.7,3309.277
388.8,3310.359
388.9,3311.442
389.0,3312.525
389.1,3313.608
389.2,3314.692
389.3,3315.776
389.4,3316.861
389.5,3317.946
389.6,3319.032
389.7,3320.118
389.8,3321.204
389.9,3322.291
390.0,3323.379
390.1,3324.466
390.2,3325.555
390.3,3326.643
390.4,3327.732
390.5,3328.822
390.6,3329.912
390.7,3331.002
390.8,3332.093
390.9,3333.184
391.0,3334.276
391.1,3335.368
391.2,3336.46
391.3,3337.553
391.4,3338.647
391.5,3339.741
391.6,3340.835
391.7,3341.93
391.8,3343.025
391.9,3344.121
392.0,3345.217
392.1,3346.313
392.2,3347.41
392.3,3348.508
392.4,3349.605
392.5,3350.704
392.6,3351.802
392.7,3352.901
392.8,3354.001
392.9,3355.101
393.0,3356.202
393.1,3357.302
393.2,3358.404
393.3,3359.506
393.4,3360.608
393.5,3361.711
393.6,3362.814
393.7,3363.917
393.8,3365.021
393.9,3366.126
394.0,3367.231
394.1,3368.336
394.2,3369.442
394.3,3370.548
394.4,3371.655
394.5,3372.762
394.6,3373.869
394.7,3374.978
394.8,3376.086
394.9,3377.195
395.0,3378.304
395.1,3379.414
395.2,3380.524
395.3,3381.635
395.4,3382.746
395.5,3383.858
395.6,3384.97
395.7,3386.083
395.8,3387.196
395.9,3388.309
396.0,3389.423
396.1,3390.537
396.2,3391.652
396.3,3392.767
396.4,3393.883
396.5,3394.999
396.6,3396.116
396.7,3397.233
396.8,3398.35
396.9,3399.468
397.0,3400.587
397.1,3401.705
397.2,3402.825
397.3,3403.945
397.4,3405.065
397.5,3406.186
397.6,3407.307
397.7,3408.428
397.8,3409.55
397.9,3410.673
398.0,3411.796
398.1,3412.919
398.2,3414.043
398.3,3415.168
398.4,3416.292
398.5,3417.418
398.6,3418.543
398.7,3419.67
398.8,3420.796
398.9,3421.923
399.0,3423.051
399.1,3424.179
399.2,3425.307
399.3,3426.436
399.4,3427.566
399.5,3428.696
399.6,3429.826
399.7,3430.957
399.8,3432.088
399.9,3433.22
400.0,3434.352
400.1,3435.485
400.2,3436.618
400.3,3437.751
400.4,3438.886
400.5,3440.02
400.6,3441.155
400.7,3442.29
400.8,3443.426
400.9,3444.563
401.0,3445.7
401.1,3446.837
401.2,3447.975
401.3,3449.113
401.4,3450.252
401.5,3451.391
401.6,3452.531
401.7,3453.671
401.8,3454.811
401.9,3455.952
402.0,3457.094
402.1,3458.236
402.2,3459.378
402.3,3460.521
402.4,3461.665
402.5,3462.809
402.6,3463.953
402.7,3465.098
402.8,3466.243
402.9,3467.389
403.0,3468.535
403.1,3469.682
403.2,3470.829
403.3,3471.977
403.4,3473.125
403.5,3474.274
403.6,3475.423
403.7,3476.572
403.8,3477.722
403.9,3478.873
404.0,3480.024
404.1,3481.175
404.2,3482.327
404.3,3483.48
404.4,3484.633
404.5,3485.786
404.6,3486.94
404.7,3488.094
404.8,3489.249
404.9,3490.404
405.0,3491.56
405.1,3492.717
405.2,3493.873
405.3,3495.03
405.4,3496.188
405.5,3497.346
405.6,3498.505
405.7,3499.664
405.8,3500.824
405.9,3501.984
406.0,3503.145
406.1,3504.306
406.2,3505.467
406.3,3506.629
406.4,3507.792
406.5,3508.955
406.6,3510.118
406.7,3511.282
406.8,3512.447
406.9,3513.612
407.0,3514.777
407.1,3515.943
407.2,3517.109
407.3,3518.276
407.4,3519.444
407.5,3520.611
407.6,3521.78
407.7,3522.949
407.8,3524.118
407.9,3525.288
408.0,3526.458
408.1,3527.629
408.2,3528.8
408.3,3529.972
408.4,3531.144
408.5,3532.317
408.6,3533.49
408.7,3534.664
408.8,3535.838
408.9,3537.013
409.0,3538.188
409.1,3539.364
409.2,3540.54
409.3,3541.717
409.4,3542.894
409.5,3544.071
409.6,3545.25
409.7,3546.428
409.8,3547.607
409.9,3548.787
410.0,3549.967
410.1,3551.148
410.2,3552.329
410.3,3553.511
410.4,3554.693
410.5,3555.875
410.6,3557.058
410.7,3558.242
410.8,3559.426
410.9,3560.611
411.0,3561.796
411.1,3562.981
411.2,3564.167
411.3,3565.354
411.4,3566.541
411.5,3567.729
411.6,3568.917
411.7,3570.105
411.8,3571.295
411.9,3572.484
412.0,3573.674
412.1,3574.865
412.2,3576.056
412.3,3577.247
412.4,3578.44
412.5,3579.632
412.6,3580.825
412.7,3582.019
412.8,3583.213
412.9,3584.408
413.0,3585.603
413.1,3586.798
413.2,3587.994
413.3,3589.191
413.4,3590.388
413.5,3591.586
413.6,3592.784
413.7,3593.983
413.8,3595.182
413.9,3596.381
414.0,3597.582
414.1,3598.782
414.2,3599.983
414.3,3601.185
414.4,3602.387
414.5,3603.59
414.6,3604.793
414.7,3605.997
414.8,3607.201
414.9,3608.406
415.0,3609.611
415.1,3610.817
415.2,3612.023
415.3,3613.23
415.4,3614.437
415.5,3615.645
415.6,3616.853
415.7,3618.062
415.8,3619.272
415.9,3620.481
416.0,3621.692
416.1,3622.903
416.2,3624.114
416.3,3625.326
416.4,3626.538
416.5,3627.751
416.6,3628.965
416.7,3630.179
416.8,3631.393
416.9,3632.608
417.0,3633.824
417.1,3635.04
417.2,3636.256
417.3,3637.473
417.4,3638.691
417.5,3639.909
417.6,3641.128
417.7,3642.347
417.8,3643.567
417.9,3644.787
418.0,3646.007
418.1,3647.229
418.2,3648.45
418.3,3649.673
418.4,3650.895
418.5,3652.119
418.6,3653.342
418.7,3654.567
418.8,3655.792
418.9,3657.017
419.0,3658.243
419.1,3659.469
419.2,3660.696
419.3,3661.924
419.4,3663.152
419.5,3664.38
419.6,3665.609
419.7,3666.839
419.8,3668.069
419.9,3669.3
420.0,3670.531
420.1,3671.762
420.2,3672.995
420.3,3674.227
420.4,3675.461
420.5,3676.694
420.6,3677.929
420.7,3679.163
420.8,3680.399
420.9,3681.635
421.0,3682.871
421.1,3684.108
421.2,3685.345
421.3,3686.583
421.4,3687.822
421.5,3689.061
421.6,3690.301
421.7,3691.541
421.8,3692.781
421.9,3694.023
422.0,3695.264
422.1,3696.506
422.2,3697.749
422.3,3698.993
422.4,3700.236
422.5,3701.481
422.6,3702.726
422.7,3703.971
422.8,3705.217
422.9,3706.464
423.0,3707.711
423.1,3708.958
423.2,3710.206
423.3,3711.455
423.4,3712.704
423.5,3713.954
423.6,3715.204
423.7,3716.455
423.8,3717.706
423.9,3718.958
424.0,3720.21
424.1,3721.463
424.2,3722.717
424.3,3723.971
424.4,3725.225
424.5,3726.48
424.6,3727.736
424.7,3728.992
424.8,3730.249
424.9,3731.506
425.0,3732.764
425.1,3734.022
425.2,3735.281
425.3,3736.541
425.4,3737.801
425.5,3739.061
425.6,3740.322
425.7,3741.584
425.8,3742.846
425.9,3744.109
426.0,3745.372
426.1,3746.635
426.2,3747.9
426.3,3749.165
426.4,3750.43
426.5,3751.696
426.6,3752.962
426.7,3754.229
426.8,3755.497
426.9,3756.765
427.0,3758.034
427.1,3759.303
427.2,3760.573
427.3,3761.843
427.4,3763.114
427.5,3764.385
427.6,3765.657
427.7,3766.93
427.8,3768.203
427.9,3769.476
428.0,3770.751
428.1,3772.025
428.2,3773.301
428.3,3774.576
428.4,3775.853
428.5,3777.13
428.6,3778.407
428.7,3779.685
428.8,3780.964
428.9,3782.243
429.0,3783.522
429.1,3784.803
429.2,3786.083
429.3,3787.365
429.4,3788.647
429.5,3789.929
429.6,3791.212
429.7,3792.496
429.8,3793.78
429.9,3795.064
430.0,3796.349
430.1,3797.635
430.2,3798.922
430.3,3800.208
430.4,3801.496
430.5,3802.784
430.6,3804.072
430.7,3805.362
430.8,3806.651
430.9,3807.941
431.0,3809.232
431.1,3810.524
431.2,3811.815
431.3,3813.108
431.4,3814.401
431.5,3815.695
431.6,3816.989
431.7,3818.283
431.8,3819.579
431.9,3820.874
432.0,3822.171
432.1,3823.468
432.2,3824.765
432.3,3826.063
432.4,3827.362
432.5,3828.661
432.6,3829.961
432.7,3831.261
432.8,3832.562
432.9,3833.864
433.0,3835.166
433.1,3836.468
433.2,3837.772
433.3,3839.075
433.4,3840.38
433.5,3841.684
433.6,3842.99
433.7,3844.296
433.8,3845.602
433.9,3846.909
434.0,3848.217
434.1,3849.525
434.2,3850.834
434.3,3852.144
434.4,3853.454
434.5,3854.764
434.6,3856.075
434.7,3857.387
434.8,3858.699
434.9,3860.012
435.0,3861.325
435.1,3862.639
435.2,3863.954
435.3,3865.269
435.4,3866.585
435.5,3867.901
435.6,3869.218
435.7,3870.535
435.8,3871.853
435.9,3873.172
436.0,3874.491
436.1,3875.811
436.2,3877.131
436.3,3878.452
436.4,3879.773
436.5,3881.095
436.6,3882.418
436.7,3883.741
436.8,3885.065
436.9,3886.389
437.0,3887.714
437.1,3889.039
437.2,3890.365
437.3,3891.692
437.4,3893.019
437.5,3894.347
437.6,3895.675
437.7,3897.004
437.8,3898.334
437.9,3899.664
438.0,3900.994
438.1,3902.326
438.2,3903.658
438.3,3904.99
438.4,3906.323
438.5,3907.657
438.6,3908.991
438.7,3910.325
438.8,3911.661
438.9,3912.997
439.0,3914.333
439.1,3915.67
439.2,3917.008
439.3,3918.346
439.4,3919.685
439.5,3921.024
439.6,3922.364
439.7,3923.705
439.8,3925.046
439.9,3926.388
440.0,3927.73
440.1,3929.073
440.2,3930.417
440.3,3931.761
440.4,3933.106
440.5,3934.451
440.6,3935.797
440.7,3937.143
440.8,3938.49
440.9,3939.838
441.0,3941.186
441.1,3942.535
441.2,3943.884
441.3,3945.234
441.4,3946.585
441.5,3947.936
441.6,3949.288
441.7,3950.64
441.8,3951.993
441.9,3953.347
442.0,3954.701
442.1,3956.056
442.2,3957.411
442.3,3958.767
442.4,3960.123
442.5,3961.481
442.6,3962.838
442.7,3964.197
442.8,3965.555
442.9,3966.915
443.0,3968.275
443.1,3969.636
443.2,3970.997
443.3,3972.359
443.4,3973.721
443.5,3975.084
443.6,3976.448
443.7,3977.812
443.8,3979.177
443.9,3980.543
444.0,3981.909
444.1,3983.275
444.2,3984.643
444.3,3986.011
444.4,3987.379
444.5,3988.748
444.6,3990.118
444.7,3991.488
444.8,3992.859
444.9,3994.23
445.0,3995.602
445.1,3996.975
445.2,3998.348
445.3,3999.722
445.4,4001.097
445.5,4002.472
445.6,4003.847
445.7,4005.224
445.8,4006.601
445.9,4007.978
446.0,4009.356
446.1,4010.735
446.2,4012.114
446.3,4013.494
446.4,4014.875
446.5,4016.256
446.6,4017.638
446.7,4019.02
446.8,4020.403
446.9,4021.786
447.0,4023.171
447.1,4024.555
447.2,4025.941
447.3,4027.327
447.4,4028.713
447.5,4030.101
447.6,4031.488
447.7,4032.877
447.8,4034.266
447.9,4035.656
448.0,4037.046
448.1,4038.437
448.2,4039.828
448.3,4041.22
448.4,4042.613
448.5,4044.006
448.6,4045.4
448.7,4046.795
448.8,4048.19
448.9,4049.586
449.0,4050.982
449.1,4052.379
449.2,4053.777
449.3,4055.175
449.4,4056.574
449.5,4057.973
449.6,4059.373
449.7,4060.774
449.8,4062.176
449.9,4063.577
450.0,4064.98
450.1,4066.383
450.2,4067.787
450.3,4069.191
450.4,4070.596
450.5,4072.002
450.6,4073.408
450.7,4074.815
450.8,4076.223
450.9,4077.631
451.0,4079.04
451.1,4080.449
451.2,4081.859
451.3,4083.27
451.4,4084.681
451.5,4086.093
451.6,4087.505
451.7,4088.918
451.8,4090.332
451.9,4091.746
452.0,4093.161
452.1,4094.577
452.2,4095.993
452.3,4097.41
452.4,4098.827
452.5,4100.245
452.6,4101.664
452.7,4103.083
452.8,4104.503
452.9,4105.924
453.0,4107.345
453.1,4108.767
453.2,4110.19
453.3,4111.613
453.4,4113.036
453.5,4114.461
453.6,4115.886
453.7,4117.311
453.8,4118.738
453.9,4120.164
454.0,4121.592
454.1,4123.02
454.2,4124.449
454.3,4125.878
454.4,4127.308
454.5,4128.739
454.6,4130.17
454.7,4131.602
454.8,4133.035
454.9,4134.468
455.0,4135.902
455.1,4137.336
455.2,4138.771
455.3,4140.207
455.4,4141.643
455.5,4143.08
455.6,4144.518
455.7,4145.956
455.8,4147.395
455.9,4148.834
456.0,4150.275
456.1,4151.715
456.2,4153.157
456.3,4154.599
456.4,4156.041
456.5,4157.485
456.6,4158.929
456.7,4160.373
456.8,4161.819
456.9,4163.265
457.0,4164.711
457.1,4166.158
457.2,4167.606
457.3,4169.054
457.4,4170.504
457.5,4171.953
457.6,4173.404
457.7,4174.855
457.8,4176.306
457.9,4177.759
458.0,4179.212
458.1,4180.665
458.2,4182.119
458.3,4183.574
458.4,4185.03
458.5,4186.486
458.6,4187.943
458.7,4189.4
458.8,4190.858
458.9,4192.317
459.0,4193.776
459.1,4195.236
459.2,4196.697
459.3,4198.158
459.4,4199.62
459.5,4201.083
459.6,4202.546
459.7,4204.01
459.8,4205.474
459.9,4206.94
460.0,4208.405
460.1,4209.872
460.2,4211.339
460.3,4212.807
460.4,4214.275
460.5,4215.744
460.6,4217.214
460.7,4218.684
460.8,4220.155
460.9,4221.627
461.0,4223.099
461.1,4224.572
461.2,4226.046
461.3,4227.52
461.4,4228.995
461.5,4230.471
461.6,4231.947
461.7,4233.424
461.8,4234.901
461.9,4236.38
462.0,4237.859
462.1,4239.338
462.2,4240.818
462.3,4242.299
462.4,4243.78
462.5,4245.263
462.6,4246.745
462.7,4248.229
462.8,4249.713
462.9,4251.198
463.0,4252.683
463.1,4254.169
463.2,4255.656
463.3,4257.143
463.4,4258.631
463.5,4260.12
463.6,4261.609
463.7,4263.099
463.8,4264.59
463.9,4266.081
464.0,4267.573
464.1,4269.066
464.2,4270.559
464.3,4272.053
464.4,4273.548
464.5,4275.043
464.6,4276.539
464.7,4278.036
464.8,4279.533
464.9,4281.031
465.0,4282.53
465.1,4284.029
465.2,4285.529
465.3,4287.03
465.4,4288.531
465.5,4290.033
465.6,4291.535
465.7,4293.039
465.8,4294.543
465.9,4296.047
466.0,4297.553
466.1,4299.058
466.2,4300.565
466.3,4302.072
466.4,4303.58
466.5,4305.089
466.6,4306.598
466.7,4308.108
466.8,4309.619
466.9,4311.13
467.0,4312.642
467.1,4314.155
467.2,4315.668
467.3,4317.182
467.4,4318.696
467.5,4320.212
467.6,4321.728
467.7,4323.244
467.8,4324.762
467.9,4326.28
468.0,4327.798
468.1,4329.318
468.2,4330.838
468.3,4332.358
468.4,4333.88
468.5,4335.402
468.6,4336.924
468.7,4338.448
468.8,4339.972
468.9,4341.497
469.0,4343.022
469.1,4344.548
469.2,4346.075
469.3,4347.602
469.4,4349.13
469.5,4350.659
469.6,4352.189
469.7,4353.719
469.8,4355.25
469.9,4356.781
470.0,4358.313
470.1,4359.846
470.2,4361.38
470.3,4362.914
470.4,4364.449
470.5,4365.984
470.6,4367.521
470.7,4369.057
470.8,4370.595
470.9,4372.133
471.0,4373.672
471.1,4375.212
471.2,4376.752
471.3,4378.293
471.4,4379.835
471.5,4381.378
471.6,4382.921
471.7,4384.464
471.8,4386.009
471.9,4387.554
472.0,4389.1
472.1,4390.646
472.2,4392.193
472.3,4393.741
472.4,4395.29
472.5,4396.839
472.6,4398.389
472.7,4399.94
472.8,4401.491
472.9,4403.043
473.0,4404.596
473.1,4406.149
473.2,4407.703
473.3,4409.258
473.4,4410.813
473.5,4412.369
473.6,4413.926
473.7,4415.484
473.8,4417.042
473.9,4418.601
474.0,4420.16
474.1,4421.72
474.2,4423.281
474.3,4424.843
474.4,4426.405
474.5,4427.968
474.6,4429.532
474.7,4431.097
474.8,4432.662
474.9,4434.228
475.0,4435.794
475.1,4437.361
475.2,4438.929
475.3,4440.498
475.4,4442.067
475.5,4443.637
475.6,4445.208
475.7,4446.779
475.8,4448.351
475.9,4449.924
476.0,4451.497
476.1,4453.071
476.2,4454.646
476.3,4456.222
476.4,4457.798
476.5,4459.375
476.6,4460.953
476.7,4462.531
476.8,4464.11
476.9,4465.69
477.0,4467.27
477.1,4468.851
477.2,4470.433
477.3,4472.016
477.4,4473.599
477.5,4475.183
477.6,4476.768
477.7,4478.353
477.8,4479.939
477.9,4481.526
478.0,4483.113
478.1,4484.701
478.2,4486.29
478.3,4487.88
478.4,4489.47
478.5,4491.061
478.6,4492.653
478.7,4494.245
478.8,4495.838
478.9,4497.432
479.0,4499.026
479.1,4500.622
479.2,4502.218
479.3,4503.814
479.4,4505.412
479.5,4507.01
479.6,4508.608
479.7,4510.208
479.8,4511.808
479.9,4513.409
480.0,4515.01
480.1,4516.613
480.2,4518.216
480.3,4519.819
480.4,4521.424
480.5,4523.029
480.6,4524.635
480.7,4526.241
480.8,4527.849
480.9,4529.457
481.0,4531.065
481.1,4532.675
481.2,4534.285
481.3,4535.896
481.4,4537.507
481.5,4539.12
481.6,4540.733
481.7,4542.346
481.8,4543.961
481.9,4545.576
482.0,4547.192
482.1,4548.808
482.2,4550.425
482.3,4552.043
482.4,4553.662
482.5,4555.282
482.6,4556.902
482.7,4558.523
482.8,4560.144
482.9,4561.766
483.0,4563.389
483.1,4565.013
483.2,4566.638
483.3,4568.263
483.4,4569.889
483.5,4571.515
483.6,4573.143
483.7,4574.771
483.8,4576.399
483.9,4578.029
484.0,4579.659
484.1,4581.29
484.2,4582.922
484.3,4584.554
484.4,4586.187
484.5,4587.821
484.6,4589.455
484.7,4591.091
484.8,4592.727
484.9,4594.363
485.0,4596.001
485.1,4597.639
485.2,4599.278
485.3,4600.918
485.4,4602.558
485.5,4604.199
485.6,4605.841
485.7,4607.483
485.8,4609.127
485.9,4610.771
486.0,4612.415
486.1,4614.061
486.2,4615.707
486.3,4617.354
486.4,4619.001
486.5,4620.65
486.6,4622.299
486.7,4623.949
486.8,4625.599
486.9,4627.25
487.0,4628.902
487.1,4630.555
487.2,4632.209
487.3,4633.863
487.4,4635.518
487.5,4637.173
487.6,4638.83
487.7,4640.487
487.8,4642.145
487.9,4643.803
488.0,4645.463
488.1,4647.123
488.2,4648.784
488.3,4650.445
488.4,4652.107
488.5,4653.77
488.6,4655.434
488.7,4657.099
488.8,4658.764
488.9,4660.43
489.0,4662.096
489.1,4663.764
489.2,4665.432
489.3,4667.101
489.4,4668.77
489.5,4670.441
489.6,4672.112
489.7,4673.784
489.8,4675.456
489.9,4677.13
490.0,4678.804
490.1,4680.479
490.2,4682.154
490.3,4683.83
490.4,4685.507
490.5,4687.185
490.6,4688.864
490.7,4690.543
490.8,4692.223
490.9,4693.904
491.0,4695.585
491.1,4697.267
491.2,4698.95
491.3,4700.634
491.4,4702.319
491.5,4704.004
491.6,4705.69
491.7,4707.376
491.8,4709.064
491.9,4710.752
492.0,4712.441
492.1,4714.131
492.2,4715.821
492.3,4717.512
492.4,4719.204
492.5,4720.897
492.6,4722.59
492.7,4724.284
492.8,4725.979
492.9,4727.675
493.0,4729.371
493.1,4731.069
493.2,4732.766
493.3,4734.465
493.4,4736.164
493.5,4737.865
493.6,4739.566
493.7,4741.267
493.8,4742.97
493.9,4744.673
494.0,4746.377
494.1,4748.081
494.2,4749.787
494.3,4751.493
494.4,4753.2
494.5,4754.908
494.6,4756.616
494.7,4758.325
494.8,4760.035
494.9,4761.746
495.0,4763.457
495.1,4765.17
495.2,4766.883
495.3,4768.596
495.4,4770.311
495.5,4772.026
495.6,4773.742
495.7,4775.459
495.8,4777.176
495.9,4778.894
496.0,4780.614
496.1,4782.333
496.2,4784.054
496.3,4785.775
496.4,4787.497
496.5,4789.22
496.6,4790.944
496.7,4792.668
496.8,4794.393
496.9,4796.119
497.0,4797.846
497.1,4799.573
497.2,4801.301
497.3,4803.03
497.4,4804.76
497.5,4806.49
497.6,4808.221
497.7,4809.953
497.8,4811.686
497.9,4813.42
498.0,4815.154
498.1,4816.889
498.2,4818.625
498.3,4820.361
498.4,4822.098
498.5,4823.837
498.6,4825.575
498.7,4827.315
498.8,4829.055
498.9,4830.797
499.0,4832.538
499.1,4834.281
499.2,4836.025
499.3,4837.769
499.4,4839.514
499.5,4841.26
499.6,4843.006
499.7,4844.753
499.8,4846.502
499.9,4848.25
500.0,4850.0
500.1,4851.75
500.2,4853.501
500.3,4855.253
500.4,4857.005
500.5,4858.757
500.6,4860.511
500.7,4862.265
500.8,4864.019
500.9,4865.774
501.0,4867.53
501.1,4869.286
501.2,4871.043
501.3,4872.8
501.4,4874.558
501.5,4876.317
501.6,4878.076
501.7,4879.836
501.8,4881.596
501.9,4883.357
502.0,4885.119
502.1,4886.881
502.2,4888.644
502.3,4890.407
502.4,4892.171
502.5,4893.935
502.6,4895.7
502.7,4897.466
502.8,4899.232
502.9,4900.998
503.0,4902.766
503.1,4904.534
503.2,4906.302
503.3,4908.071
503.4,4909.841
503.5,4911.611
503.6,4913.381
503.7,4915.153
503.8,4916.924
503.9,4918.697
504.0,4920.47
504.1,4922.243
504.2,4924.017
504.3,4925.792
504.4,4927.567
504.5,4929.343
504.6,4931.119
504.7,4932.896
504.8,4934.674
504.9,4936.452
505.0,4938.23
505.1,4940.009
505.2,4941.789
505.3,4943.569
505.4,4945.35
505.5,4947.131
505.6,4948.913
505.7,4950.695
505.8,4952.478
505.9,4954.262
506.0,4956.046
506.1,4957.83
506.2,4959.615
506.3,4961.401
506.4,4963.187
506.5,4964.974
506.6,4966.761
506.7,4968.549
506.8,4970.337
506.9,4972.126
507.0,4973.915
507.1,4975.705
507.2,4977.496
507.3,4979.287
507.4,4981.078
507.5,4982.87
507.6,4984.663
507.7,4986.456
507.8,4988.25
507.9,4990.044
508.0,4991.838
508.1,4993.634
508.2,4995.429
508.3,4997.226
508.4,4999.022
508.5,5000.82
508.6,5002.618
508.7,5004.416
508.8,5006.215
508.9,5008.014
509.0,5009.814
509.1,5011.614
509.2,5013.415
509.3,5015.217
509.4,5017.019
509.5,5018.821
509.6,5020.624
509.7,5022.427
509.8,5024.231
509.9,5026.036
510.0,5027.841
510.1,5029.646
510.2,5031.452
510.3,5033.259
510.4,5035.066
510.5,5036.873
510.6,5038.681
510.7,5040.49
510.8,5042.299
510.9,5044.108
511.0,5045.918
511.1,5047.728
511.2,5049.539
511.3,5051.351
511.4,5053.163
511.5,5054.975
511.6,5056.788
511.7,5058.602
511.8,5060.415
511.9,5062.23
512.0,5064.045
512.1,5065.86
512.2,5067.676
512.3,5069.492
512.4,5071.309
512.5,5073.126
512.6,5074.944
512.7,5076.762
512.8,5078.581
512.9,5080.4
513.0,5082.22
513.1,5084.04
513.2,5085.861
513.3,5087.682
513.4,5089.503
513.5,5091.325
513.6,5093.148
513.7,5094.971
513.8,5096.794
513.9,5098.618
514.0,5100.443
514.1,5102.268
514.2,5104.093
514.3,5105.919
514.4,5107.745
514.5,5109.572
514.6,5111.399
514.7,5113.227
514.8,5115.055
514.9,5116.883
515.0,5118.712
515.1,5120.542
515.2,5122.372
515.3,5124.202
515.4,5126.033
515.5,5127.864
515.6,5129.696
515.7,5131.528
515.8,5133.361
515.9,5135.194
516.0,5137.027
516.1,5138.861
516.2,5140.696
516.3,5142.531
516.4,5144.366
516.5,5146.202
516.6,5148.038
516.7,5149.875
516.8,5151.712
516.9,5153.549
517.0,5155.387
517.1,5157.225
517.2,5159.064
517.3,5160.904
517.4,5162.743
517.5,5164.583
517.6,5166.424
517.7,5168.265
517.8,5170.106
517.9,5171.948
518.0,5173.791
518.1,5175.633
518.2,5177.476
518.3,5179.32
518.4,5181.164
518.5,5183.008
518.6,5184.853
518.7,5186.699
518.8,5188.544
518.9,5190.39
519.0,5192.237
519.1,5194.084
519.2,5195.931
519.3,5197.779
519.4,5199.627
519.5,5201.476
519.6,5203.325
519.7,5205.174
519.8,5207.024
519.9,5208.874
520.0,5210.725
520.1,5212.576
520.2,5214.428
520.3,5216.279
520.4,5218.132
520.5,5219.984
520.6,5221.838
520.7,5223.691
520.8,5225.545
520.9,5227.399
521.0,5229.254
521.1,5231.109
521.2,5232.965
521.3,5234.821
521.4,5236.677
521.5,5238.534
521.6,5240.391
521.7,5242.248
521.8,5244.106
521.9,5245.964
522.0,5247.823
522.1,5249.682
522.2,5251.541
522.3,5253.401
522.4,5255.261
522.5,5257.122
522.6,5258.983
522.7,5260.844
522.8,5262.706
522.9,5264.568
523.0,5266.431
523.1,5268.294
523.2,5270.157
523.3,5272.021
523.4,5273.885
523.5,5275.749
523.6,5277.614
523.7,5279.479
523.8,5281.344
523.9,5283.21
524.0,5285.077
524.1,5286.943
524.2,5288.81
524.3,5290.678
524.4,5292.545
524.5,5294.414
524.6,5296.282
524.7,5298.151
524.8,5300.02
524.9,5301.89
525.0,5303.76
525.1,5305.63
525.2,5307.5
525.3,5309.371
525.4,5311.243
525.5,5313.115
525.6,5314.987
525.7,5316.859
525.8,5318.732
525.9,5320.605
526.0,5322.479
526.1,5324.352
526.2,5326.227
526.3,5328.101
526.4,5329.976
526.5,5331.851
526.6,5333.727
526.7,5335.603
526.8,5337.479
526.9,5339.356
527.0,5341.233
527.1,5343.11
527.2,5344.988
527.3,5346.866
527.4,5348.744
527.5,5350.623
527.6,5352.502
527.7,5354.381
527.8,5356.261
527.9,5358.141
528.0,5360.021
528.1,5361.902
528.2,5363.783
528.3,5365.664
528.4,5367.546
528.5,5369.428
528.6,5371.31
528.7,5373.193
528.8,5375.075
528.9,5376.959
529.0,5378.842
529.1,5380.726
529.2,5382.611
529.3,5384.495
529.4,5386.38
529.5,5388.265
529.6,5390.151
529.7,5392.037
529.8,5393.923
529.9,5395.809
530.0,5397.696
530.1,5399.583
530.2,5401.471
530.3,5403.358
530.4,5405.246
530.5,5407.135
530.6,5409.024
530.7,5410.912
530.8,5412.802
530.9,5414.691
531.0,5416.581
531.1,5418.471
531.2,5420.362
531.3,5422.253
531.4,5424.144
531.5,5426.035
531.6,5427.927
531.7,5429.819
531.8,5431.711
531.9,5433.604
532.0,5435.497
532.1,5437.39
532.2,5439.283
532.3,5441.177
532.4,5443.071
532.5,5444.965
532.6,5446.86
532.7,5448.755
532.8,5450.65
532.9,5452.546
533.0,5454.441
533.1,5456.337
533.2,5458.234
533.3,5460.13
533.4,5462.027
533.5,5463.925
533.6,5465.822
533.7,5467.72
533.8,5469.618
533.9,5471.516
534.0,5473.415
534.1,5475.313
534.2,5477.213
534.3,5479.112
534.4,5481.012
534.5,5482.912
534.6,5484.812
534.7,5486.712
534.8,5488.613
534.9,5490.514
535.0,5492.415
535.1,5494.317
535.2,5496.219
535.3,5498.121
535.4,5500.023
535.5,5501.926
535.6,5503.829
535.7,5505.732
535.8,5507.635
535.9,5509.539
536.0,5511.443
536.1,5513.347
536.2,5515.251
536.3,5517.156
536.4,5519.061
536.5,5520.966
536.6,5522.871
536.7,5524.777
536.8,5526.683
536.9,5528.589
537.0,5530.495
537.1,5532.402
537.2,5534.309
537.3,5536.216
537.4,5538.123
537.5,5540.031
537.6,5541.939
537.7,5543.847
537.8,5545.755
537.9,5547.664
538.0,5549.573
538.1,5551.482
538.2,5553.391
538.3,5555.301
538.4,5557.21
538.5,5559.12
538.6,5561.031
538.7,5562.941
538.8,5564.852
538.9,5566.763
539.0,5568.674
539.1,5570.585
539.2,5572.497
539.3,5574.408
539.4,5576.321
539.5,5578.233
539.6,5580.145
539.7,5582.058
539.8,5583.971
539.9,5585.884
540.0,5587.797
540.1,5589.711
540.2,5591.625
540.3,5593.539
540.4,5595.453
540.5,5597.367
540.6,5599.282
540.7,5601.197
540.8,5603.112
540.9,5605.027
541.0,5606.943
541.1,5608.859
541.2,5610.774
541.3,5612.691
541.4,5614.607
541.5,5616.523
541.6,5618.44
541.7,5620.357
541.8,5622.274
541.9,5624.192
542.0,5626.109
542.1,5628.027
542.2,5629.945
542.3,5631.863
542.4,5633.781
542.5,5635.7
542.6,5637.618
542.7,5639.537
542.8,5641.456
542.9,5643.376
543.0,5645.295
543.1,5647.215
543.2,5649.135
543.3,5651.055
543.4,5652.975
543.5,5654.895
543.6,5656.816
543.7,5658.737
543.8,5660.658
543.9,5662.579
544.0,5664.5
544.1,5666.421
544.2,5668.343
544.3,5670.265
544.4,5672.187
544.5,5674.109
544.6,5676.032
544.7,5677.954
544.8,5679.877
544.9,5681.8
545.0,5683.723
545.1,5685.646
545.2,5687.569
545.3,5689.493
545.4,5691.417
545.5,5693.341
545.6,5695.265
545.7,5697.189
545.8,5699.113
545.9,5701.038
546.0,5702.963
546.1,5704.887
546.2,5706.812
546.3,5708.738
546.4,5710.663
546.5,5712.589
546.6,5714.514
546.7,5716.44
546.8,5718.366
546.9,5720.292
547.0,5722.218
547.1,5724.145
547.2,5726.071
547.3,5727.998
547.4,5729.925
547.5,5731.852
547.6,5733.779
547.7,5735.706
547.8,5737.634
547.9,5739.561
548.0,5741.489
548.1,5743.417
548.2,5745.345
548.3,5747.273
548.4,5749.201
548.5,5751.13
548.6,5753.058
548.7,5754.987
548.8,5756.916
548.9,5758.845
549.0,5760.774
549.1,5762.703
549.2,5764.633
549.3,5766.562
549.4,5768.492
549.5,5770.421
549.6,5772.351
549.7,5774.281
549.8,5776.211
549.9,5778.142
550.0,5780.072
550.1,5782.002
550.2,5783.933
550.3,5785.864
550.4,5787.795
550.5,5789.726
550.6,5791.657
550.7,5793.588
550.8,5795.519
550.9,5797.451
551.0,5799.382
551.1,5801.314
551.2,5803.246
551.3,5805.177
551.4,5807.109
551.5,5809.041
551.6,5810.974
551.7,5812.906
551.8,5814.838
551.9,5816.771
552.0,5818.703
552.1,5820.636
552.2,5822.569
552.3,5824.502
552.4,5826.435
552.5,5828.368
552.6,5830.301
552.7,5832.235
552.8,5834.168
552.9,5836.102
553.0,5838.035
553.1,5839.969
553.2,5841.903
553.3,5843.836
553.4,5845.77
553.5,5847.704
553.6,5849.639
553.7,5851.573
553.8,5853.507
553.9,5855.442
554.0,5857.376
554.1,5859.311
554.2,5861.245
554.3,5863.18
554.4,5865.115
554.5,5867.05
554.6,5868.985
554.7,5870.92
554.8,5872.855
554.9,5874.79
555.0,5876.725
555.1,5878.661
555.2,5880.596
555.3,5882.532
555.4,5884.467
555.5,5886.403
555.6,5888.338
555.7,5890.274
555.8,5892.21
555.9,5894.146
556.0,5896.082
556.1,5898.018
556.2,5899.954
556.3,5901.89
556.4,5903.826
556.5,5905.763
556.6,5907.699
556.7,5909.635
556.8,5911.572
556.9,5913.508
557.0,5915.445
557.1,5917.382
557.2,5919.318
557.3,5921.255
557.4,5923.192
557.5,5925.129
557.6,5927.065
557.7,5929.002
557.8,5930.939
557.9,5932.876
558.0,5934.813
558.1,5936.751
558.2,5938.688
558.3,5940.625
558.4,5942.562
558.5,5944.499
558.6,5946.437
558.7,5948.374
558.8,5950.312
558.9,5952.249
559.0,5954.187
559.1,5956.124
559.2,5958.062
559.3,5959.999
559.4,5961.937
559.5,5963.874
559.6,5965.812
559.7,5967.75
559.8,5969.688
559.9,5971.625
560.0,5973.563
560.1,5975.501
560.2,5977.439
560.3,5979.377
560.4,5981.315
560.5,5983.252
560.6,5985.19
560.7,5987.128
560.8,5989.066
560.9,5991.004
561.0,5992.942
561.1,5994.88
561.2,5996.818
561.3,5998.756
561.4,6000.694
561.5,6002.633
561.6,6004.571
561.7,6006.509
561.8,6008.447
561.9,6010.385
562.0,6012.323
562.1,6014.261
562.2,6016.199
562.3,6018.138
562.4,6020.076
562.5,6022.014
562.6,6023.952
562.7,6025.89
562.8,6027.828
562.9,6029.766
563.0,6031.705
563.1,6033.643
563.2,6035.581
563.3,6037.519
563.4,6039.457
563.5,6041.395
563.6,6043.333
563.7,6045.272
563.8,6047.21
563.9,6049.148
564.0,6051.086
564.1,6053.024
564.2,6054.962
564.3,6056.9
564.4,6058.838
564.5,6060.776
564.6,6062.714
564.7,6064.652
564.8,6066.59
564.9,6068.528
565.0,6070.466
565.1,6072.404
565.2,6074.342
565.3,6076.28
565.4,6078.217
565.5,6080.155
565.6,6082.093
565.7,6084.031
565.8,6085.968
565.9,6087.906
566.0,6089.844
566.1,6091.781
566.2,6093.719
566.3,6095.657
566.4,6097.594
566.5,6099.532
566.6,6101.469
566.7,6103.406
566.8,6105.344
566.9,6107.281
567.0,6109.218
567.1,6111.156
567.2,6113.093
567.3,6115.03
567.4,6116.967
567.5,6118.904
567.6,6120.841
567.7,6122.778
567.8,6124.715
567.9,6126.652
568.0,6128.589
568.1,6130.526
568.2,6132.463
568.3,6134.399
568.4,6136.336
568.5,6138.272
568.6,6140.209
568.7,6142.145
568.8,6144.082
568.9,6146.018
569.0,6147.955
569.1,6149.891
569.2,6151.827
569.3,6153.763
569.4,6155.699
569.5,6157.635
569.6,6159.571
569.7,6161.507
569.8,6163.443
569.9,6165.378
570.0,6167.314
570.1,6169.25
570.2,6171.185
570.3,6173.121
570.4,6175.056
570.5,6176.991
570.6,6178.927
570.7,6180.862
570.8,6182.797
570.9,6184.732
571.0,6186.667
571.1,6188.601
571.2,6190.536
571.3,6192.471
571.4,6194.405
571.5,6196.34
571.6,6198.274
571.7,6200.209
571.8,6202.143
571.9,6204.077
572.0,6206.011
572.1,6207.945
572.2,6209.879
572.3,6211.813
572.4,6213.747
572.5,6215.68
572.6,6217.614
572.7,6219.547
572.8,6221.481
572.9,6223.414
573.0,6225.347
573.1,6227.28
573.2,6229.213
573.3,6231.146
573.4,6233.079
573.5,6235.011
573.6,6236.944
573.7,6238.876
573.8,6240.809
573.9,6242.741
574.0,6244.673
574.1,6246.605
574.2,6248.537
574.3,6250.469
574.4,6252.4
574.5,6254.332
574.6,6256.263
574.7,6258.195
574.8,6260.126
574.9,6262.057
575.0,6263.988
575.1,6265.919
575.2,6267.85
575.3,6269.78
575.4,6271.711
575.5,6273.641
575.6,6275.572
575.7,6277.502
575.8,6279.432
575.9,6281.362
576.0,6283.291
576.1,6285.221
576.2,6287.151
576.3,6289.08
576.4,6291.009
576.5,6292.938
576.6,6294.867
576.7,6296.796
576.8,6298.725
576.9,6300.654
577.0,6302.582
577.1,6304.51
577.2,6306.439
577.3,6308.367
577.4,6310.295
577.5,6312.222
577.6,6314.15
577.7,6316.077
577.8,6318.005
577.9,6319.932
578.0,6321.859
578.1,6323.786
578.2,6325.713
578.3,6327.639
578.4,6329.566
578.5,6331.492
578.6,6333.418
578.7,6335.344
578.8,6337.27
578.9,6339.196
579.0,6341.121
579.1,6343.047
579.2,6344.972
579.3,6346.897
579.4,6348.822
579.5,6350.747
579.6,6352.671
579.7,6354.596
579.8,6356.52
579.9,6358.444
580.0,6360.368
580.1,6362.292
580.2,6364.216
580.3,6366.139
580.4,6368.062
580.5,6369.985
580.6,6371.908
580.7,6373.831
580.8,6375.754
580.9,6377.676
581.0,6379.598
581.1,6381.52
581.2,6383.442
581.3,6385.364
581.4,6387.286
581.5,6389.207
581.6,6391.128
581.7,6393.049
581.8,6394.97
581.9,6396.891
582.0,6398.811
582.1,6400.731
582.2,6402.651
582.3,6404.571
582.4,6406.491
582.5,6408.411
582.6,6410.33
582.7,6412.249
582.8,6414.168
582.9,6416.087
583.0,6418.005
583.1,6419.924
583.2,6421.842
583.3,6423.76
583.4,6425.678
583.5,6427.595
583.6,6429.513
583.7,6431.43
583.8,6433.347
583.9,6435.264
584.0,6437.18
584.1,6439.097
584.2,6441.013
584.3,6442.929
584.4,6444.845
584.5,6446.76
584.6,6448.676
584.7,6450.591
584.8,6452.506
584.9,6454.42
585.0,6456.335
585.1,6458.249
585.2,6460.163
585.3,6462.077
585.4,6463.991
585.5,6465.904
585.6,6467.817
585.7,6469.73
585.8,6471.643
585.9,6473.556
586.0,6475.468
586.1,6477.38
586.2,6479.292
586.3,6481.204
586.4,6483.115
586.5,6485.026
586.6,6486.937
586.7,6488.848
586.8,6490.759
586.9,6492.669
587.0,6494.579
587.1,6496.489
587.2,6498.398
587.3,6500.308
587.4,6502.217
587.5,6504.126
587.6,6506.034
587.7,6507.943
587.8,6509.851
587.9,6511.759
588.0,6513.667
588.1,6515.574
588.2,6517.481
588.3,6519.388
588.4,6521.295
588.5,6523.202
588.6,6525.108
588.7,6527.014
588.8,6528.919
588.9,6530.825
589.0,6532.73
589.1,6534.635
589.2,6536.54
589.3,6538.444
589.4,6540.349
589.5,6542.253
589.6,6544.156
589.7,6546.06
589.8,6547.963
589.9,6549.866
590.0,6551.769
590.1,6553.671
590.2,6555.573
590.3,6557.475
590.4,6559.377
590.5,6561.278
590.6,6563.179
590.7,6565.08
590.8,6566.98
590.9,6568.881
591.0,6570.781
591.1,6572.681
591.2,6574.58
591.3,6576.479
591.4,6578.378
591.5,6580.277
591.6,6582.175
591.7,6584.073
591.8,6585.971
591.9,6587.869
592.0,6589.766
592.1,6591.663
592.2,6593.56
592.3,6595.456
592.4,6597.352
592.5,6599.248
592.6,6601.144
592.7,6603.039
592.8,6604.934
592.9,6606.829
593.0,6608.723
593.1,6610.617
593.2,6612.511
593.3,6614.405
593.4,6616.298
593.5,6618.191
593.6,6620.084
593.7,6621.976
593.8,6623.868
593.9,6625.76
594.0,6627.651
594.1,6629.543
594.2,6631.433
594.3,6633.324
594.4,6635.214
594.5,6637.104
594.6,6638.994
594.7,6640.883
594.8,6642.772
594.9,6644.661
595.0,6646.55
595.1,6648.438
595.2,6650.326
595.3,6652.213
595.4,6654.1
595.5,6655.987
595.6,6657.874
595.7,6659.76
595.8,6661.646
595.9,6663.532
596.0,6665.417
596.1,6667.302
596.2,6669.187
596.3,6671.071
596.4,6672.955
596.5,6674.839
596.6,6676.722
596.7,6678.605
596.8,6680.488
596.9,6682.37
597.0,6684.253
597.1,6686.134
597.2,6688.016
597.3,6689.897
597.4,6691.778
597.5,6693.658
597.6,6695.538
597.7,6697.418
597.8,6699.297
597.9,6701.176
598.0,6703.055
598.1,6704.934
598.2,6706.812
598.3,6708.69
598.4,6710.567
598.5,6712.444
598.6,6714.321
598.7,6716.197
598.8,6718.073
598.9,6719.949
599.0,6721.824
599.1,6723.699
599.2,6725.574
599.3,6727.448
599.4,6729.322
599.5,6731.196
599.6,6733.069
599.7,6734.942
599.8,6736.814
599.9,6738.687
600.0,6740.558
600.1,6742.43
600.2,6744.301
600.3,6746.172
600.4,6748.042
600.5,6749.912
600.6,6751.782
600.7,6753.651
600.8,6755.52
600.9,6757.389
601.0,6759.257
601.1,6761.125
601.2,6762.992
601.3,6764.86
601.4,6766.726
601.5,6768.593
601.6,6770.459
601.7,6772.324
601.8,6774.19
601.9,6776.055
602.0,6777.919
602.1,6779.783
602.2,6781.647
602.3,6783.51
602.4,6785.373
602.5,6787.236
602.6,6789.098
602.7,6790.96
602.8,6792.822
602.9,6794.683
603.0,6796.543
603.1,6798.404
603.2,6800.264
603.3,6802.123
603.4,6803.982
603.5,6805.841
603.6,6807.7
603.7,6809.558
603.8,6811.415
603.9,6813.272
604.0,6815.129
604.1,6816.986
604.2,6818.842
604.3,6820.697
604.4,6822.553
604.5,6824.407
604.6,6826.262
604.7,6828.116
604.8,6829.969
604.9,6831.823
605.0,6833.676
605.1,6835.528
605.2,6837.38
605.3,6839.232
605.4,6841.083
605.5,6842.934
605.6,6844.784
605.7,6846.634
605.8,6848.484
605.9,6850.333
606.0,6852.181
606.1,6854.03
606.2,6855.878
606.3,6857.725
606.4,6859.572
606.5,6861.419
606.6,6863.265
606.7,6865.111
606.8,6866.956
606.9,6868.801
607.0,6870.646
607.1,6872.49
607.2,6874.334
607.3,6876.177
607.4,6878.02
607.5,6879.862
607.6,6881.704
607.7,6883.546
607.8,6885.387
607.9,6887.228
608.0,6889.068
608.1,6890.908
608.2,6892.747
608.3,6894.586
608.4,6896.425
608.5,6898.263
608.6,6900.101
608.7,6901.938
608.8,6903.775
608.9,6905.611
609.0,6907.447
609.1,6909.282
609.2,6911.117
609.3,6912.952
609.4,6914.786
609.5,6916.62
609.6,6918.453
609.7,6920.286
609.8,6922.118
609.9,6923.95
610.0,6925.781
610.1,6927.612
610.2,6929.443
610.3,6931.273
610.4,6933.102
610.5,6934.932
610.6,6936.76
610.7,6938.589
610.8,6940.416
610.9,6942.244
611.0,6944.07
611.1,6945.897
611.2,6947.723
611.3,6949.548
611.4,6951.373
611.5,6953.198
611.6,6955.022
611.7,6956.846
611.8,6958.669
611.9,6960.491
612.0,6962.314
612.1,6964.135
612.2,6965.957
612.3,6967.777
612.4,6969.598
612.5,6971.417
612.6,6973.237
612.7,6975.056
612.8,6976.874
612.9,6978.692
613.0,6980.509
613.1,6982.326
613.2,6984.143
613.3,6985.959
613.4,6987.774
613.5,6989.589
613.6,6991.404
613.7,6993.218
613.8,6995.032
613.9,6996.845
614.0,6998.657
614.1,7000.469
614.2,7002.281
614.3,7004.092
614.4,7005.903
614.5,7007.713
614.6,7009.522
614.7,7011.332
614.8,7013.14
614.9,7014.948
615.0,7016.756
615.1,7018.563
615.2,7020.37
615.3,7022.176
615.4,7023.981
615.5,7025.787
615.6,7027.591
615.7,7029.395
615.8,7031.199
615.9,7033.002
616.0,7034.805
616.1,7036.607
616.2,7038.408
616.3,7040.209
616.4,7042.01
616.5,7043.81
616.6,7045.609
616.7,7047.408
616.8,7049.207
616.9,7051.005
617.0,7052.802
617.1,7054.599
617.2,7056.396
617.3,7058.192
617.4,7059.987
617.5,7061.782
617.6,7063.576
617.7,7065.37
617.8,7067.163
617.9,7068.956
618.0,7070.748
618.1,7072.54
618.2,7074.331
618.3,7076.122
618.4,7077.912
618.5,7079.701
618.6,7081.49
618.7,7083.279
618.8,7085.067
618.9,7086.854
619.0,7088.641
619.1,7090.427
619.2,7092.213
619.3,7093.998
619.4,7095.783
619.5,7097.567
619.6,7099.351
619.7,7101.134
619.8,7102.917
619.9,7104.699
620.0,7106.48
620.1,7108.261
620.2,7110.041
620.3,7111.821
620.4,7113.6
620.5,7115.379
620.6,7117.157
620.7,7118.935
620.8,7120.712
620.9,7122.488
621.0,7124.264
621.1,7126.04
621.2,7127.815
621.3,7129.589
621.4,7131.362
621.5,7133.136
621.6,7134.908
621.7,7136.68
621.8,7138.452
621.9,7140.222
622.0,7141.993
622.1,7143.763
622.2,7145.532
622.3,7147.3
622.4,7149.068
622.5,7150.836
622.6,7152.603
622.7,7154.369
622.8,7156.135
622.9,7157.9
623.0,7159.665
623.1,7161.429
623.2,7163.192
623.3,7164.955
623.4,7166.717
623.5,7168.479
623.6,7170.24
623.7,7172.001
623.8,7173.76
623.9,7175.52
624.0,7177.279
624.1,7179.037
624.2,7180.794
624.3,7182.551
624.4,7184.308
624.5,7186.064
624.6,7187.819
624.7,7189.574
624.8,7191.328
624.9,7193.081
625.0,7194.834
625.1,7196.586
625.2,7198.338
625.3,7200.089
625.4,7201.84
625.5,7203.589
625.6,7205.339
625.7,7207.087
625.8,7208.836
625.9,7210.583
626.0,7212.33
626.1,7214.076
626.2,7215.822
626.3,7217.567
626.4,7219.311
626.5,7221.055
626.6,7222.798
626.7,7224.541
626.8,7226.283
626.9,7228.024
627.0,7229.765
627.1,7231.505
627.2,7233.245
627.3,7234.984
627.4,7236.722
627.5,7238.46
627.6,7240.197
627.7,7241.933
627.8,7243.669
627.9,7245.404
628.0,7247.139
628.1,7248.873
628.2,7250.606
628.3,7252.339
628.4,7254.071
628.5,7255.803
628.6,7257.533
628.7,7259.264
628.8,7260.993
628.9,7262.722
629.0,7264.45
629.1,7266.178
629.2,7267.905
629.3,7269.631
629.4,7271.357
629.5,7273.082
629.6,7274.807
629.7,7276.531
629.8,7278.254
629.9,7279.976
630.0,7281.698
630.1,7283.42
630.2,7285.14
630.3,7286.86
630.4,7288.579
630.5,7290.298
630.6,7292.016
630.7,7293.734
630.8,7295.45
630.9,7297.166
631.0,7298.882
631.1,7300.597
631.2,7302.311
631.3,7304.024
631.4,7305.737
631.5,7307.449
631.6,7309.161
631.7,7310.871
631.8,7312.582
631.9,7314.291
632.0,7316.0
632.1,7317.708
632.2,7319.416
632.3,7321.123
632.4,7322.829
632.5,7324.534
632.6,7326.239
632.7,7327.943
632.8,7329.647
632.9,7331.35
633.0,7333.052
633.1,7334.753
633.2,7336.454
633.3,7338.154
633.4,7339.854
633.5,7341.553
633.6,7343.251
633.7,7344.948
633.8,7346.645
633.9,7348.341
634.0,7350.037
634.1,7351.731
634.2,7353.425
634.3,7355.119
634.4,7356.811
634.5,7358.503
634.6,7360.195
634.7,7361.885
634.8,7363.575
634.9,7365.265
635.0,7366.953
635.1,7368.641
635.2,7370.328
635.3,7372.015
635.4,7373.7
635.5,7375.385
635.6,7377.07
635.7,7378.754
635.8,7380.437
635.9,7382.119
636.0,7383.8
636.1,7385.481
636.2,7387.161
636.3,7388.841
636.4,7390.52
636.5,7392.198
636.6,7393.875
636.7,7395.552
636.8,7397.228
636.9,7398.903
637.0,7400.578
637.1,7402.251
637.2,7403.925
637.3,7405.597
637.4,7407.269
637.5,7408.94
637.6,7410.61
637.7,7412.279
637.8,7413.948
637.9,7415.616
638.0,7417.284
638.1,7418.95
638.2,7420.616
638.3,7422.282
638.4,7423.946
638.5,7425.61
638.6,7427.273
638.7,7428.935
638.8,7430.597
638.9,7432.258
639.0,7433.918
639.1,7435.577
639.2,7437.236
639.3,7438.894
639.4,7440.551
639.5,7442.208
639.6,7443.863
639.7,7445.518
639.8,7447.173
639.9,7448.826
640.0,7450.479
640.1,7452.131
640.2,7453.782
640.3,7455.433
640.4,7457.083
640.5,7458.732
640.6,7460.38
640.7,7462.028
640.8,7463.675
640.9,7465.321
641.0,7466.966
641.1,7468.611
641.2,7470.255
641.3,7471.898
641.4,7473.54
641.5,7475.182
641.6,7476.823
641.7,7478.463
641.8,7480.102
641.9,7481.741
642.0,7483.378
642.1,7485.015
642.2,7486.652
642.3,7488.287
642.4,7489.922
642.5,7491.556
642.6,7493.189
642.7,7494.822
642.8,7496.454
642.9,7498.085
643.0,7499.715
643.1,7501.344
643.2,7502.973
643.3,7504.601
643.4,7506.228
643.5,7507.854
643.6,7509.48
643.7,7511.105
643.8,7512.729
643.9,7514.352
644.0,7515.974
644.1,7517.596
644.2,7519.217
644.3,7520.837
644.4,7522.457
644.5,7524.075
644.6,7525.693
644.7,7527.31
644.8,7528.926
644.9,7530.542
645.0,7532.156
645.1,7533.77
645.2,7535.383
645.3,7536.996
645.4,7538.607
645.5,7540.218
645.6,7541.828
645.7,7543.437
645.8,7545.045
645.9,7546.653
646.0,7548.259
646.1,7549.865
646.2,7551.471
646.3,7553.075
646.4,7554.678
646.5,7556.281
646.6,7557.883
646.7,7559.484
646.8,7561.085
646.9,7562.684
647.0,7564.283
647.1,7565.881
647.2,7567.478
647.3,7569.074
647.4,7570.67
647.5,7572.264
647.6,7573.858
647.7,7575.451
647.8,7577.044
647.9,7578.635
648.0,7580.226
648.1,7581.815
648.2,7583.404
648.3,7584.993
648.4,7586.58
648.5,7588.167
648.6,7589.752
648.7,7591.337
648.8,7592.921
648.9,7594.504
649.0,7596.087
649.1,7597.668
649.2,7599.249
649.3,7600.829
649.4,7602.408
649.5,7603.987
649.6,7605.564
649.7,7607.141
649.8,7608.716
649.9,7610.291
650.0,7611.865
650.1,7613.439
650.2,7615.011
650.3,7616.583
650.4,7618.154
650.5,7619.724
650.6,7621.293
650.7,7622.861
650.8,7624.428
650.9,7625.995
651.0,7627.561
651.1,7629.126
651.2,7630.69
651.3,7632.253
651.4,7633.815
651.5,7635.377
651.6,7636.937
651.7,7638.497
651.8,7640.056
651.9,7641.614
652.0,7643.171
652.1,7644.728
652.2,7646.283
652.3,7647.838
652.4,7649.392
652.5,7650.945
652.6,7652.497
652.7,7654.048
652.8,7655.598
652.9,7657.148
653.0,7658.697
653.1,7660.244
653.2,7661.791
653.3,7663.337
653.4,7664.883
653.5,7666.427
653.6,7667.97
653.7,7669.513
653.8,7671.055
653.9,7672.595
654.0,7674.135
654.1,7675.675
654.2,7677.213
654.3,7678.75
654.4,7680.287
654.5,7681.822
654.6,7683.357
654.7,7684.891
654.8,7686.424
654.9,7687.956
655.0,7689.487
655.1,7691.017
655.2,7692.547
655.3,7694.075
655.4,7695.603
655.5,7697.13
655.6,7698.656
655.7,7700.181
655.8,7701.705
655.9,7703.228
656.0,7704.75
656.1,7706.272
656.2,7707.792
656.3,7709.312
656.4,7710.831
656.5,7712.348
656.6,7713.865
656.7,7715.381
656.8,7716.897
656.9,7718.411
657.0,7719.924
657.1,7721.437
657.2,7722.948
657.3,7724.459
657.4,7725.969
657.5,7727.477
657.6,7728.985
657.7,7730.492
657.8,7731.998
657.9,7733.504
658.0,7735.008
658.1,7736.511
658.2,7738.014
658.3,7739.515
658.4,7741.016
658.5,7742.516
658.6,7744.015
658.7,7745.512
658.8,7747.009
658.9,7748.505
659.0,7750.001
659.1,7751.495
659.2,7752.988
659.3,7754.48
659.4,7755.972
659.5,7757.462
659.6,7758.952
659.7,7760.441
659.8,7761.928
659.9,7763.415
660.0,7764.901
660.1,7766.386
660.2,7767.87
660.3,7769.353
660.4,7770.835
660.5,7772.316
660.6,7773.797
660.7,7775.276
660.8,7776.755
660.9,7778.232
661.0,7779.708
661.1,7781.184
661.2,7782.659
661.3,7784.132
661.4,7785.605
661.5,7787.077
661.6,7788.548
661.7,7790.018
661.8,7791.487
661.9,7792.955
662.0,7794.422
662.1,7795.888
662.2,7797.353
662.3,7798.817
662.4,7800.281
662.5,7801.743
662.6,7803.204
662.7,7804.665
662.8,7806.124
662.9,7807.583
663.0,7809.04
663.1,7810.497
663.2,7811.952
663.3,7813.407
663.4,7814.861
663.5,7816.314
663.6,7817.765
663.7,7819.216
663.8,7820.666
663.9,7822.115
664.0,7823.563
664.1,7825.01
664.2,7826.456
664.3,7827.901
664.4,7829.345
664.5,7830.788
664.6,7832.23
664.7,7833.671
664.8,7835.111
664.9,7836.55
665.0,7837.988
665.1,7839.425
665.2,7840.862
665.3,7842.297
665.4,7843.731
665.5,7845.164
665.6,7846.597
665.7,7848.028
665.8,7849.458
665.9,7850.888
666.0,7852.316
666.1,7853.743
666.2,7855.17
666.3,7856.595
666.4,7858.019
666.5,7859.443
666.6,7860.865
666.7,7862.287
666.8,7863.707
666.9,7865.126
667.0,7866.545
667.1,7867.962
667.2,7869.379
667.3,7870.794
667.4,7872.208
667.5,7873.622
667.6,7875.034
667.7,7876.446
667.8,7877.856
667.9,7879.266
668.0,7880.674
668.1,7882.081
668.2,7883.488
668.3,7884.893
668.4,7886.297
668.5,7887.701
668.6,7889.103
668.7,7890.504
668.8,7891.905
668.9,7893.304
669.0,7894.702
669.1,7896.1
669.2,7897.496
669.3,7898.891
669.4,7900.285
669.5,7901.678
669.6,7903.071
669.7,7904.462
669.8,7905.852
669.9,7907.241
670.0,7908.629
670.1,7910.016
670.2,7911.402
670.3,7912.787
670.4,7914.171
670.5,7915.554
670.6,7916.936
670.7,7918.317
670.8,7919.696
670.9,7921.075
671.0,7922.453
671.1,7923.83
671.2,7925.205
671.3,7926.58
671.4,7927.954
671.5,7929.326
671.6,7930.698
671.7,7932.068
671.8,7933.438
671.9,7934.806
672.0,7936.173
672.1,7937.54
672.2,7938.905
672.3,7940.269
672.4,7941.632
672.5,7942.994
672.6,7944.356
672.7,7945.716
672.8,7947.075
672.9,7948.432
673.0,7949.789
673.1,7951.145
673.2,7952.5
673.3,7953.854
673.4,7955.206
673.5,7956.558
673.6,7957.908
673.7,7959.258
673.8,7960.606
673.9,7961.953
674.0,7963.3
674.1,7964.645
674.2,7965.989
674.3,7967.332
674.4,7968.674
674.5,7970.015
674.6,7971.355
674.7,7972.694
674.8,7974.031
674.9,7975.368
675.0,7976.704
675.1,7978.038
675.2,7979.371
675.3,7980.704
675.4,7982.035
675.5,7983.365
675.6,7984.694
675.7,7986.022
675.8,7987.349
675.9,7988.675
676.0,7990.0
676.1,7991.324
676.2,7992.646
676.3,7993.968
676.4,7995.288
676.5,7996.608
676.6,7997.926
676.7,7999.243
676.8,8000.559
676.9,8001.874
677.0,8003.188
677.1,8004.501
677.2,8005.813
677.3,8007.123
677.4,8008.433
677.5,8009.741
677.6,8011.048
677.7,8012.355
677.8,8013.66
677.9,8014.964
678.0,8016.267
678.1,8017.569
678.2,8018.869
678.3,8020.169
678.4,8021.467
678.5,8022.765
678.6,8024.061
678.7,8025.356
678.8,8026.65
678.9,8027.943
679.0,8029.235
679.1,8030.526
679.2,8031.816
679.3,8033.104
679.4,8034.392
679.5,8035.678
679.6,8036.963
679.7,8038.247
679.8,8039.53
679.9,8040.812
680.0,8042.092
680.1,8043.372
680.2,8044.65
680.3,8045.928
680.4,8047.204
680.5,8048.479
680.6,8049.753
680.7,8051.026
680.8,8052.297
680.9,8053.568
681.0,8054.837
681.1,8056.106
681.2,8057.373
681.3,8058.639
681.4,8059.904
681.5,8061.167
681.6,8062.43
681.7,8063.692
681.8,8064.952
681.9,8066.211
682.0,8067.469
682.1,8068.726
682.2,8069.982
682.3,8071.237
682.4,8072.49
682.5,8073.742
682.6,8074.994
682.7,8076.244
682.8,8077.492
682.9,8078.74
683.0,8079.987
683.1,8081.232
683.2,8082.477
683.3,8083.72
683.4,8084.962
683.5,8086.203
683.6,8087.442
683.7,8088.681
683.8,8089.918
683.9,8091.154
684.0,8092.389
684.1,8093.623
684.2,8094.856
684.3,8096.088
684.4,8097.318
684.5,8098.547
684.6,8099.775
684.7,8101.002
684.8,8102.228
684.9,8103.453
685.0,8104.676
685.1,8105.898
685.2,8107.119
685.3,8108.339
685.4,8109.558
685.5,8110.775
685.6,8111.992
685.7,8113.207
685.8,8114.421
685.9,8115.634
686.0,8116.846
686.1,8118.056
686.2,8119.265
686.3,8120.473
686.4,8121.68
686.5,8122.886
686.6,8124.091
686.7,8125.294
686.8,8126.496
686.9,8127.697
687.0,8128.897
687.1,8130.096
687.2,8131.293
687.3,8132.489
687.4,8133.685
687.5,8134.878
687.6,8136.071
687.7,8137.263
687.8,8138.453
687.9,8139.642
688.0,8140.83
688.1,8142.017
688.2,8143.202
688.3,8144.386
688.4,8145.569
688.5,8146.751
688.6,8147.932
688.7,8149.111
688.8,8150.29
688.9,8151.467
689.0,8152.643
689.1,8153.817
689.2,8154.991
689.3,8156.163
689.4,8157.334
689.5,8158.504
689.6,8159.672
689.7,8160.84
689.8,8162.006
689.9,8163.171
690.0,8164.335
690.1,8165.497
690.2,8166.658
690.3,8167.819
690.4,8168.977
690.5,8170.135
690.6,8171.291
690.7,8172.447
690.8,8173.601
690.9,8174.753
691.0,8175.905
691.1,8177.055
691.2,8178.204
691.3,8179.352
691.4,8180.499
691.5,8181.644
691.6,8182.788
691.7,8183.931
691.8,8185.073
691.9,8186.213
692.0,8187.352
692.1,8188.49
692.2,8189.627
692.3,8190.763
692.4,8191.897
692.5,8193.03
692.6,8194.162
692.7,8195.292
692.8,8196.421
692.9,8197.549
693.0,8198.676
693.1,8199.802
693.2,8200.926
693.3,8202.049
693.4,8203.171
693.5,8204.291
693.6,8205.411
693.7,8206.529
693.8,8207.645
693.9,8208.761
694.0,8209.875
694.1,8210.988
694.2,8212.1
694.3,8213.211
694.4,8214.32
694.5,8215.428
694.6,8216.535
694.7,8217.64
694.8,8218.744
694.9,8219.847
695.0,8220.949
695.1,8222.049
695.2,8223.148
695.3,8224.246
695.4,8225.343
695.5,8226.438
695.6,8227.532
695.7,8228.625
695.8,8229.717
695.9,8230.807
696.0,8231.896
696.1,8232.984
696.2,8234.07
696.3,8235.155
696.4,8236.239
696.5,8237.322
696.6,8238.403
696.7,8239.483
696.8,8240.562
696.9,8241.639
697.0,8242.715
697.1,8243.79
697.2,8244.864
697.3,8245.936
697.4,8247.007
697.5,8248.077
697.6,8249.145
697.7,8250.213
697.8,8251.278
697.9,8252.343
698.0,8253.406
698.1,8254.468
698.2,8255.529
698.3,8256.588
698.4,8257.646
698.5,8258.703
698.6,8259.759
698.7,8260.813
698.8,8261.866
698.9,8262.917
699.0,8263.968
699.1,8265.017
699.2,8266.064
699.3,8267.111
699.4,8268.156
699.5,8269.2
699.6,8270.242
699.7,8271.283
699.8,8272.323
699.9,8273.362
700.0,8274.399
700.1,8275.435
700.2,8276.469
700.3,8277.503
700.4,8278.535
700.5,8279.565
700.6,8280.595
700.7,8281.623
700.8,8282.649
700.9,8283.675
701.0,8284.699
701.1,8285.721
701.2,8286.743
701.3,8287.763
701.4,8288.782
701.5,8289.799
701.6,8290.815
701.7,8291.83
701.8,8292.843
701.9,8293.855
702.0,8294.866
702.1,8295.876
702.2,8296.884
702.3,8297.891
702.4,8298.896
702.5,8299.9
702.6,8300.903
702.7,8301.904
702.8,8302.904
702.9,8303.903
703.0,8304.901
703.1,8305.897
703.2,8306.891
703.3,8307.885
703.4,8308.877
703.5,8309.867
703.6,8310.857
703.7,8311.845
703.8,8312.831
703.9,8313.817
704.0,8314.801
704.1,8315.783
704.2,8316.764
704.3,8317.744
704.4,8318.723
704.5,8319.7
704.6,8320.676
704.7,8321.65
704.8,8322.623
704.9,8323.595
705.0,8324.565
705.1,8325.534
705.2,8326.502
705.3,8327.468
705.4,8328.433
705.5,8329.397
705.6,8330.359
705.7,8331.32
705.8,8332.279
705.9,8333.237
706.0,8334.194
706.1,8335.149
706.2,8336.103
706.3,8337.056
706.4,8338.007
706.5,8338.957
706.6,8339.906
706.7,8340.853
706.8,8341.798
706.9,8342.743
707.0,8343.686
707.1,8344.627
707.2,8345.568
707.3,8346.506
707.4,8347.444
707.5,8348.38
707.6,8349.315
707.7,8350.248
707.8,8351.18
707.9,8352.11
708.0,8353.039
708.1,8353.967
708.2,8354.893
708.3,8355.818
708.4,8356.742
708.5,8357.664
708.6,8358.585
708.7,8359.504
708.8,8360.422
708.9,8361.339
709.0,8362.254
709.1,8363.168
709.2,8364.08
709.3,8364.991
709.4,8365.901
709.5,8366.809
709.6,8367.716
709.7,8368.621
709.8,8369.525
709.9,8370.427
710.0,8371.329
710.1,8372.228
710.2,8373.127
710.3,8374.023
710.4,8374.919
710.5,8375.813
710.6,8376.706
710.7,8377.597
710.8,8378.487
710.9,8379.375
711.0,8380.262
711.1,8381.148
711.2,8382.032
711.3,8382.915
711.4,8383.796
711.5,8384.676
711.6,8385.554
711.7,8386.431
711.8,8387.307
711.9,8388.181
712.0,8389.054
712.1,8389.925
712.2,8390.795
712.3,8391.664
712.4,8392.531
712.5,8393.397
712.6,8394.261
712.7,8395.123
712.8,8395.985
712.9,8396.845
713.0,8397.703
713.1,8398.56
713.2,8399.416
713.3,8400.27
713.4,8401.123
713.5,8401.974
713.6,8402.824
713.7,8403.672
713.8,8404.519
713.9,8405.364
714.0,8406.208
714.1,8407.051
714.2,8407.892
714.3,8408.732
714.4,8409.57
714.5,8410.407
714.6,8411.242
714.7,8412.076
714.8,8412.908
714.9,8413.739
715.0,8414.569
715.1,8415.397
715.2,8416.223
715.3,8417.049
715.4,8417.872
715.5,8418.694
715.6,8419.515
715.7,8420.335
715.8,8421.152
715.9,8421.969
716.0,8422.784
716.1,8423.597
716.2,8424.409
716.3,8425.22
716.4,8426.029
716.5,8426.836
716.6,8427.642
716.7,8428.447
716.8,8429.25
716.9,8430.052
717.0,8430.852
717.1,8431.65
717.2,8432.448
717.3,8433.243
717.4,8434.038
717.5,8434.831
717.6,8435.622
717.7,8436.412
717.8,8437.2
717.9,8437.987
718.0,8438.772
718.1,8439.556
718.2,8440.339
718.3,8441.12
718.4,8441.899
718.5,8442.677
718.6,8443.453
718.7,8444.228
718.8,8445.002
718.9,8445.774
719.0,8446.544
719.1,8447.313
719.2,8448.081
719.3,8448.847
719.4,8449.611
719.5,8450.374
719.6,8451.136
719.7,8451.896
719.8,8452.654
719.9,8453.411
720.0,8454.167
720.1,8454.921
720.2,8455.673
720.3,8456.424
720.4,8457.174
720.5,8457.922
720.6,8458.668
720.7,8459.413
720.8,8460.156
720.9,8460.898
721.0,8461.639
721.1,8462.377
721.2,8463.115
721.3,8463.851
721.4,8464.585
721.5,8465.318
721.6,8466.049
721.7,8466.779
721.8,8467.507
721.9,8468.234
722.0,8468.959
722.1,8469.683
722.2,8470.405
722.3,8471.126
722.4,8471.845
722.5,8472.562
722.6,8473.278
722.7,8473.993
722.8,8474.706
722.9,8475.417
723.0,8476.127
723.1,8476.836
723.2,8477.542
723.3,8478.248
723.4,8478.952
723.5,8479.654
723.6,8480.355
723.7,8481.054
723.8,8481.751
723.9,8482.447
724.0,8483.142
724.1,8483.835
724.2,8484.526
724.3,8485.216
724.4,8485.905
724.5,8486.592
724.6,8487.277
724.7,8487.961
724.8,8488.643
724.9,8489.323
725.0,8490.002
725.1,8490.68
725.2,8491.356
725.3,8492.03
725.4,8492.703
725.5,8493.375
725.6,8494.044
725.7,8494.712
725.8,8495.379
725.9,8496.044
726.0,8496.708
726.1,8497.37
726.2,8498.03
726.3,8498.689
726.4,8499.346
726.5,8500.002
726.6,8500.656
726.7,8501.308
726.8,8501.959
726.9,8502.609
727.0,8503.257
727.1,8503.903
727.2,8504.548
727.3,8505.191
727.4,8505.832
727.5,8506.472
727.6,8507.111
727.7,8507.747
727.8,8508.383
727.9,8509.016
728.0,8509.648
728.1,8510.279
728.2,8510.908
728.3,8511.535
728.4,8512.161
728.5,8512.785
728.6,8513.408
728.7,8514.029
728.8,8514.648
728.9,8515.266
729.0,8515.882
729.1,8516.497
729.2,8517.11
729.3,8517.721
729.4,8518.331
729.5,8518.939
729.6,8519.546
729.7,8520.151
729.8,8520.754
729.9,8521.356
730.0,8521.957
730.1,8522.555
730.2,8523.152
730.3,8523.748
730.4,8524.342
730.5,8524.934
730.6,8525.525
730.7,8526.114
730.8,8526.701
730.9,8527.287
731.0,8527.871
731.1,8528.454
731.2,8529.035
731.3,8529.614
731.4,8530.192
731.5,8530.768
731.6,8531.343
731.7,8531.916
731.8,8532.487
731.9,8533.057
732.0,8533.625
732.1,8534.191
732.2,8534.756
732.3,8535.319
732.4,8535.881
732.5,8536.441
732.6,8536.999
732.7,8537.556
732.8,8538.111
732.9,8538.664
733.0,8539.216
733.1,8539.766
733.2,8540.315
733.3,8540.862
733.4,8541.407
733.5,8541.951
733.6,8542.493
733.7,8543.033
733.8,8543.572
733.9,8544.109
734.0,8544.645
734.1,8545.179
734.2,8545.711
734.3,8546.241
734.4,8546.77
734.5,8547.298
734.6,8547.823
734.7,8548.347
734.8,8548.87
734.9,8549.39
735.0,8549.909
735.1,8550.427
735.2,8550.943
735.3,8551.457
735.4,8551.969
735.5,8552.48
735.6,8552.989
735.7,8553.497
735.8,8554.003
735.9,8554.507
736.0,8555.009
736.1,8555.51
736.2,8556.01
736.3,8556.507
736.4,8557.003
736.5,8557.497
736.6,8557.99
736.7,8558.481
736.8,8558.97
736.9,8559.458
737.0,8559.944
737.1,8560.428
737.2,8560.91
737.3,8561.391
737.4,8561.871
737.5,8562.348
737.6,8562.824
737.7,8563.298
737.8,8563.771
737.9,8564.242
738.0,8564.711
738.1,8565.178
738.2,8565.644
738.3,8566.108
738.4,8566.571
738.5,8567.032
738.6,8567.491
738.7,8567.948
738.8,8568.404
738.9,8568.858
739.0,8569.311
739.1,8569.761
739.2,8570.21
739.3,8570.658
739.4,8571.103
739.5,8571.547
739.6,8571.989
739.7,8572.43
739.8,8572.869
739.9,8573.306
740.0,8573.742
740.1,8574.175
740.2,8574.607
740.3,8575.038
740.4,8575.467
740.5,8575.894
740.6,8576.319
740.7,8576.742
740.8,8577.164
740.9,8577.584
741.0,8578.003
741.1,8578.42
741.2,8578.835
741.3,8579.248
741.4,8579.66
741.5,8580.07
741.6,8580.478
741.7,8580.884
741.8,8581.289
741.9,8581.692
742.0,8582.094
742.1,8582.493
742.2,8582.891
742.3,8583.288
742.4,8583.682
742.5,8584.075
742.6,8584.466
742.7,8584.855
742.8,8585.243
742.9,8585.629
743.0,8586.013
743.1,8586.395
743.2,8586.776
743.3,8587.155
743.4,8587.533
743.5,8587.908
743.6,8588.282
743.7,8588.654
743.8,8589.024
743.9,8589.393
744.0,8589.76
744.1,8590.125
744.2,8590.488
744.3,8590.85
744.4,8591.21
744.5,8591.568
744.6,8591.925
744.7,8592.279
744.8,8592.632
744.9,8592.984
745.0,8593.333
745.1,8593.681
745.2,8594.027
745.3,8594.371
745.4,8594.714
745.5,8595.055
745.6,8595.394
745.7,8595.731
745.8,8596.066
745.9,8596.4
746.0,8596.732
746.1,8597.062
746.2,8597.391
746.3,8597.718
746.4,8598.043
746.5,8598.366
746.6,8598.687
746.7,8599.007
746.8,8599.325
746.9,8599.641
747.0,8599.956
747.1,8600.268
747.2,8600.579
747.3,8600.888
747.4,8601.196
747.5,8601.501
747.6,8601.805
747.7,8602.107
747.8,8602.408
747.9,8602.706
748.0,8603.003
748.1,8603.298
748.2,8603.591
748.3,8603.883
748.4,8604.172
748.5,8604.46
748.6,8604.746
748.7,8605.031
748.8,8605.313
748.9,8605.594
749.0,8605.873
749.1,8606.15
749.2,8606.426
749.3,8606.699
749.4,8606.971
749.5,8607.241
749.6,8607.51
749.7,8607.776
749.8,8608.041
749.9,8608.304
750.0,8608.565
750.1,8608.824
750.2,8609.082
750.3,8609.337
750.4,8609.591
750.5,8609.844
750.6,8610.094
750.7,8610.342
750.8,8610.589
750.9,8610.834
751.0,8611.077
751.1,8611.319
751.2,8611.558
751.3,8611.796
751.4,8612.032
751.5,8612.266
751.6,8612.499
751.7,8612.729
751.8,8612.958
751.9,8613.185
752.0,8613.41
752.1,8613.633
752.2,8613.855
752.3,8614.074
752.4,8614.292
752.5,8614.508
752.6,8614.722
752.7,8614.935
752.8,8615.145
752.9,8615.354
753.0,8615.561
753.1,8615.766
753.2,8615.97
753.3,8616.171
753.4,8616.371
753.5,8616.569
753.6,8616.765
753.7,8616.959
753.8,8617.151
753.9,8617.342
754.0,8617.53
754.1,8617.717
754.2,8617.902
754.3,8618.086
754.4,8618.267
754.5,8618.447
754.6,8618.624
754.7,8618.8
754.8,8618.974
754.9,8619.146
755.0,8619.317
755.1,8619.485
755.2,8619.652
755.3,8619.817
755.4,8619.98
755.5,8620.141
755.6,8620.3
755.7,8620.458
755.8,8620.613
755.9,8620.767
756.0,8620.919
756.1,8621.069
756.2,8621.217
756.3,8621.364
756.4,8621.508
756.5,8621.651
756.6,8621.792
756.7,8621.931
756.8,8622.068
756.9,8622.203
757.0,8622.337
757.1,8622.468
757.2,8622.598
757.3,8622.726
757.4,8622.851
757.5,8622.976
757.6,8623.098
757.7,8623.218
757.8,8623.337
757.9,8623.453
758.0,8623.568
758.1,8623.681
758.2,8623.792
758.3,8623.901
758.4,8624.008
758.5,8624.114
758.6,8624.217
758.7,8624.319
758.8,8624.419
758.9,8624.517
759.0,8624.613
759.1,8624.707
759.2,8624.799
759.3,8624.89
759.4,8624.978
759.5,8625.065
759.6,8625.149
759.7,8625.232
759.8,8625.313
759.9,8625.392
760.0,8625.47
760.1,8625.545
760.2,8625.618
760.3,8625.69
760.4,8625.76
760.5,8625.827
760.6,8625.893
760.7,8625.957
760.8,8626.019
760.9,8626.079
761.0,8626.138
761.1,8626.194
761.2,8626.249
761.3,8626.301
761.4,8626.352
761.5,8626.401
761.6,8626.448
761.7,8626.493
761.8,8626.536
761.9,8626.577
762.0,8626.616
762.1,8626.653
762.2,8626.689
762.3,8626.723
762.4,8626.754
762.5,8626.784
762.6,8626.812
762.7,8626.838
762.8,8626.862
762.9,8626.884
763.0,8626.904
763.1,8626.922
763.2,8626.938
763.3,8626.953
763.4,8626.965
763.5,8626.976
763.6,8626.985
763.7,8626.991
763.8,8626.996
763.9,8626.999
764.0,8627.0
765.0,8627.0
766.0,8627.0
767.0,8627.0
768.0,8627.0
769.0,8627.0
770.0,8627.0
771.0,8627.0
772.0,8627.0
773.0,8627.0
774.0,8627.0
775.0,8627.0
776.0,8627.0
777.0,8627.0
778.0,8627.0
779.0,8627.0
780.0,8627.0
781.0,8627.0
782.0,8627.0
783.0,8627.0
784.0,8627.0
785.0,8627.0
786.0,8627.0
787.0,8627.0
788.0,8627.0
789.0,8627.0
790.0,8627.0
791.0,8627.0
792.0,8627.0
793.0,8627.0
794.0,8627.0
795.0,8627.0
796.0,8627.0
797.0,8627.0
798.0,8627.0
799.0,8627.0
800.0,8627.0
801.0,8627.0
802.0,8627.0
803.0,8627.0
804.0,8627.0
805.0,8627.0
806.0,8627.0
807.0,8627.0
808.0,8547.0
809.0,8467.0
810.0,8387.0
811.0,8307.0
812.0,8227.0
813.0,8147.0
814.0,8067.0
815.0,7987.0
816.0,7907.0
817.0,7827.0
818.0,7747.0
819.0,7667.0
820.0,7587.0
821.0,7507.0
822.0,7427.0
823.0,7347.0
824.0,7267.0
825.0,7187.0
826.0,7107.0
827.0,7027.0
828.0,6947.0
829.0,6867.0
830.0,6787.0
831.0,6707.0
832.0,6627.0
833.0,6547.0
834.0,6467.0
835.0,6387.0
836.0,6307.0
837.0,6227.0
838.0,6147.0
839.0,6067.0
840.0,5987.0
841.0,5907.0
842.0,5827.0
843.0,5747.0
844.0,5667.0
845.0,5587.0
846.0,5507.0
847.0,5427.0
848.0,5347.0
849.0,5267.0
850.0,5187.0
851.0,5107.0
852.0,5027.0
853.0,4947.0
854.0,4867.0
855.0,4787.0
856.0,4707.0
857.0,4627.0
858.0,4547.0
859.0,4467.0
860.0,4387.0
861.0,4307.0
862.0,4227.0
863.0,4147.0
864.0,4067.0
865.0,3987.0
866.0,3907.0
867.0,3827.0
868.0,3747.0
869.0,3667.0
870.0,3587.0
871.0,3507.0
872.0,3427.0
873.0,3347.0
874.0,3267.0
875.0,3187.0
876.0,3107.0
877.0,3027.0
878.0,2947.0
879.0,2867.0
880.0,2787.0
881.0,2707.0
882.0,2627.0
883.0,2547.0
884.0,2467.0
885.0,2387.0
886.0,2307.0
887.0,2227.0
888.0,2147.0
889.0,2067.0
890.0,1987.0
891.0,1907.0
892.0,1827.0
893.0,1747.0
894.0,1667.0
895.0,1587.0
896.0,1507.0
897.0,1427.0
898.0,1347.0
899.0,1267.0
900.0,1187.0
901.0,1107.0
902.0,1027.0
903.0,947.0
904.0,867.0
905.0,787.0
906.0,707.0
907.0,627.0
908.0,547.0
909.0,467.0
910.0,387.0
911.0,307.0
912.0,227.0
913.0,147.0
914.0,67.0
915.0,0.0
916.0,0.0
917.0,0.0
918.0,0.0
919.0,0.0
920.0,0.0
921.0,0.0
922.0,0.0
923.0,0.0
924.0,0.0
925.0,0.0
926.0,0.0
927.0,0.0
928.0,0.0
929.0,0.0
930.0,0.0
931.0,0.0
932.0,0.0
933.0,0.0
934.0,0.0
935.0,0.0
936.0,0.0
937.0,0.0
938.0,0.0
939.0,0.0
940.0,0.0
941.0,0.0
942.0,0.0
943.0,0.0
944.0,0.0
945.0,0.0
946.0,0.0
947.0,0.0
948.0,0.0
949.0,0.0
950.0,0.0
951.0,0.0
952.0,0.0
953.0,0.0
954.0,0.0
955.0,0.0
956.0,0.0
957.0,0.0
958.0,0.0
959.0,0.0
960.0,0.0
961.0,0.0
962.0,0.0
963.0,0.0
964.0,0.0
965.0,0.0
966.0,0.0
967.0,0.0
968.0,0.0
969.0,0.0
970.0,0.0
971.0,0.0
972.0,0.0
973.0,0.0
974.0,0.0
975.0,0.0
976.0,0.0
977.0,0.0
978.0,0.0
979.0,0.0
980.0,0.0
981.0,0.0
982.0,0.0
983.0,0.0
984.0,0.0
985.0,0.0
986.0,0.0
987.0,0.0
988.0,0.0
989.0,0.0
990.0,0.0
991.0,0.0
992.0,0.0
993.0,0.0
994.0,0.0
995.0,0.0
996.0,0.0
997.0,0.0
998.0,0.0
999.0,0.0
1000.0,0.0
1001.0,0.0
1002.0,0.0
1003.0,0.0
1004.0,0.0
1005.0,0.0
1006.0,0.0
1007.0,0.0
1008.0,0.0
1009.0,0.0
1010.0,0.0
1011.0,0.0
1012.0,0.0
1013.0,0.0
1014.0,0.0
1015.0,0.0
1016.0,0.0
1017.0,0.0
1018.0,0.0
1019.0,0.0
1020.0,0.0
1021.0,0.0
1022.0,0.0
1023.0,0.0
1024.0,0.0
1025.0,0.0
1026.0,0.0
1027.0,0.0
1028.0,0.0
1029.0,0.0
1030.0,0.0
1031.0,0.0
1032.0,0.0
1033.0,0.0
1034.0,0.0
1035.0,0.0
1036.0,0.0
1037.0,0.0
1038.0,0.0
1039.0,0.0
1040.0,0.0
1041.0,0.0
1042.0,0.0
1043.0,0.0
1044.0,0.0
1045.0,0.0
1046.0,0.0
1047.0,0.0
1048.0,0.0
1049.0,0.0
1050.0,0.0
1051.0,0.0
1052.0,0.0
1053.0,0.0
1054.0,0.0
1055.0,0.0
1056.0,0.0
1057.0,0.0
1058.0,0.0
1059.0,0.0
1060.0,0.0
1061.0,0.0
1062.0,0.0
1063.0,0.0
1064.0,0.0
1065.0,0.0
1066.0,0.0
1067.0,0.0
1068.0,0.0
1069.0,0.0
1070.0,0.0
1071.0,0.0
1072.0,0.0
1073.0,0.0
1074.0,0.0
1075.0,0.0
1076.0,0.0
1077.0,0.0
1078.0,0.0
1079.0,0.0
1080.0,0.0
1081.0,0.0
1082.0,0.0
1083.0,0.0
1084.0,0.0
1085.0,0.0
1086.0,0.0
1087.0,0.0
1088.0,0.0
1089.0,0.0
1090.0,0.0
1091.0,0.0
1092.0,0.0
1093.0,0.0
1094.0,0.0
1095.0,0.0
1096.0,0.0
1097.0,0.0
1098.0,0.0
1099.0,0.0
1100.0,0.0
1101.0,0.0
1102.0,0.0
1103.0,0.0
1104.0,0.0
1105.0,0.0
1106.0,0.0
1107.0,0.0
1108.0,0.0
1109.0,0.0
1110.0,0.0
1111.0,0.0
1112.0,0.0
1113.0,0.0
1114.0,0.0
1115.0,0.0
1116.0,0.0
1117.0,0.0
1118.0,0.0
1119.0,0.0
1120.0,0.0
1121.0,0.0
1122.0,0.0
1123.0,0.0
1124.0,0.0
1125.0,0.0
1126.0,0.0
1127.0,0.0
1128.0,0.0
1129.0,0.0
1130.0,0.0
1131.0,0.0
1132.0,0.0
1133.0,0.0
1134.0,0.0
1135.0,0.0
1136.0,0.0
1137.0,0.0
1138.0,0.0
1139.0,0.0
1140.0,0.0
1141.0,0.0
1142.0,0.0
1143.0,0.0
1144.0,0.0
1145.0,0.0
1146.0,0.0
1147.0,0.0
1148.0,0.0
1149.0,0.0
1150.0,0.0
1151.0,0.0
1152.0,0.0
1153.0,0.0
1154.0,0.0
1155.0,0.0
1156.0,0.0
1157.0,0.0
1158.0,0.0
1159.0,0.0
1160.0,0.0
1161.0,0.0
1162.0,0.0
1163.0,0.0
1164.0,0.0
1165.0,0.0
1166.0,0.0
1167.0,0.0
1168.0,0.0
1169.0,0.0
1170.0,0.0
1171.0,0.0
1172.0,0.0
1173.0,0.0
1174.0,0.0
1175.0,0.0
1176.0,0.0
1177.0,0.0
1178.0,0.0
1179.0,0.0
1180.0,0.0
1181.0,0.0
1182.0,0.0
1183.0,0.0
1184.0,0.0
1185.0,0.0
1186.0,0.0
1187.0,0.0
1188.0,0.0
1189.0,0.0
1190.0,0.0
1191.0,0.0
1192.0,0.0
1193.0,0.0
1194.0,0.0
1195.0,0.0
1196.0,0.0
1197.0,0.0
1198.0,0.0
1199.0,0.0
1200.0,0.0
